,season,round,constructor,constructor_points,constructor_wins,constructor_standings_pos
0,2008,1,mclaren,0.0,0.0,0.0
1,2008,1,williams,0.0,0.0,0.0
2,2008,1,bmw_sauber,0.0,0.0,0.0
3,2008,1,renault,0.0,0.0,0.0
4,2008,1,toro_rosso,0.0,0.0,0.0
5,2008,1,ferrari,0.0,0.0,0.0
6,2008,2,mclaren,14.0,1.0,1.0
7,2008,2,bmw_sauber,8.0,0.0,3.0
8,2008,2,ferrari,1.0,0.0,6.0
9,2008,2,williams,9.0,0.0,2.0
10,2008,2,renault,5.0,0.0,4.0
11,2008,2,toyota,0.0,0.0,0.0
12,2008,2,red_bull,0.0,0.0,0.0
13,2008,2,toro_rosso,2.0,0.0,5.0
14,2008,2,honda,0.0,0.0,0.0
15,2008,2,force_india,0.0,0.0,0.0
16,2008,2,super_aguri,0.0,0.0,0.0
17,2008,3,bmw_sauber,19.0,0.0,2.0
18,2008,3,ferrari,11.0,1.0,3.0
19,2008,3,mclaren,24.0,1.0,1.0
20,2008,3,williams,9.0,0.0,4.0
21,2008,3,toyota,5.0,0.0,6.0
22,2008,3,renault,6.0,0.0,5.0
23,2008,3,red_bull,2.0,0.0,7.0
24,2008,3,toro_rosso,2.0,0.0,8.0
25,2008,3,honda,0.0,0.0,9.0
26,2008,3,force_india,0.0,0.0,10.0
27,2008,3,super_aguri,0.0,0.0,11.0
28,2008,4,ferrari,29.0,2.0,2.0
29,2008,4,bmw_sauber,30.0,0.0,1.0
30,2008,4,mclaren,28.0,1.0,3.0
31,2008,4,williams,10.0,0.0,4.0
32,2008,4,toyota,8.0,0.0,5.0
33,2008,4,red_bull,4.0,0.0,7.0
34,2008,4,renault,6.0,0.0,6.0
35,2008,4,honda,0.0,0.0,9.0
36,2008,4,toro_rosso,2.0,0.0,8.0
37,2008,4,force_india,0.0,0.0,10.0
38,2008,4,super_aguri,0.0,0.0,11.0
39,2008,5,ferrari,47.0,3.0,1.0
40,2008,5,bmw_sauber,35.0,0.0,2.0
41,2008,5,mclaren,34.0,1.0,3.0
42,2008,5,williams,12.0,0.0,4.0
43,2008,5,red_bull,8.0,0.0,6.0
44,2008,5,toyota,9.0,0.0,5.0
45,2008,5,renault,6.0,0.0,7.0
46,2008,5,honda,3.0,0.0,8.0
47,2008,5,toro_rosso,2.0,0.0,9.0
48,2008,5,force_india,0.0,0.0,10.0
49,2008,5,super_aguri,0.0,0.0,11.0
50,2008,6,ferrari,63.0,4.0,1.0
51,2008,6,mclaren,42.0,1.0,3.0
52,2008,6,bmw_sauber,44.0,0.0,2.0
53,2008,6,williams,13.0,0.0,4.0
54,2008,6,red_bull,10.0,0.0,5.0
55,2008,6,toyota,9.0,0.0,6.0
56,2008,6,renault,9.0,0.0,7.0
57,2008,6,toro_rosso,2.0,0.0,9.0
58,2008,6,honda,3.0,0.0,8.0
59,2008,6,force_india,0.0,0.0,10.0
60,2008,6,super_aguri,0.0,0.0,11.0
61,2008,7,ferrari,69.0,4.0,1.0
62,2008,7,bmw_sauber,52.0,0.0,3.0
63,2008,7,mclaren,53.0,2.0,2.0
64,2008,7,red_bull,15.0,0.0,5.0
65,2008,7,toyota,9.0,0.0,6.0
66,2008,7,williams,15.0,0.0,4.0
67,2008,7,renault,9.0,0.0,7.0
68,2008,7,honda,6.0,0.0,9.0
69,2008,7,toro_rosso,6.0,0.0,8.0
70,2008,7,force_india,0.0,0.0,10.0
71,2008,7,super_aguri,0.0,0.0,11.0
72,2008,8,ferrari,73.0,4.0,1.0
73,2008,8,bmw_sauber,70.0,1.0,2.0
74,2008,8,mclaren,53.0,2.0,3.0
75,2008,8,red_bull,21.0,0.0,4.0
76,2008,8,toyota,17.0,0.0,5.0
77,2008,8,williams,15.0,0.0,6.0
78,2008,8,renault,9.0,0.0,7.0
79,2008,8,honda,8.0,0.0,8.0
80,2008,8,toro_rosso,7.0,0.0,9.0
81,2008,8,force_india,0.0,0.0,10.0
82,2008,8,super_aguri,0.0,0.0,11.0
83,2008,9,ferrari,91.0,5.0,1.0
84,2008,9,bmw_sauber,74.0,1.0,2.0
85,2008,9,mclaren,58.0,2.0,3.0
86,2008,9,toyota,23.0,0.0,5.0
87,2008,9,red_bull,24.0,0.0,4.0
88,2008,9,williams,15.0,0.0,6.0
89,2008,9,renault,12.0,0.0,7.0
90,2008,9,honda,8.0,0.0,8.0
91,2008,9,toro_rosso,7.0,0.0,9.0
92,2008,9,force_india,0.0,0.0,10.0
93,2008,9,super_aguri,0.0,0.0,11.0
94,2008,10,ferrari,96.0,5.0,1.0
95,2008,10,bmw_sauber,82.0,1.0,2.0
96,2008,10,mclaren,72.0,3.0,3.0
97,2008,10,toyota,25.0,0.0,4.0
98,2008,10,red_bull,24.0,0.0,5.0
99,2008,10,renault,15.0,0.0,7.0
100,2008,10,williams,16.0,0.0,6.0
101,2008,10,honda,14.0,0.0,8.0
102,2008,10,toro_rosso,7.0,0.0,9.0
103,2008,10,force_india,0.0,0.0,10.0
104,2008,10,super_aguri,0.0,0.0,11.0
105,2008,11,ferrari,105.0,5.0,1.0
106,2008,11,mclaren,86.0,4.0,3.0
107,2008,11,bmw_sauber,89.0,1.0,2.0
108,2008,11,toyota,25.0,0.0,4.0
109,2008,11,renault,23.0,0.0,6.0
110,2008,11,red_bull,24.0,0.0,5.0
111,2008,11,williams,16.0,0.0,7.0
112,2008,11,honda,14.0,0.0,8.0
113,2008,11,toro_rosso,8.0,0.0,9.0
114,2008,11,force_india,0.0,0.0,10.0
115,2008,11,super_aguri,0.0,0.0,11.0
116,2008,12,ferrari,111.0,5.0,1.0
117,2008,12,mclaren,100.0,5.0,2.0
118,2008,12,bmw_sauber,90.0,1.0,3.0
119,2008,12,toyota,35.0,0.0,4.0
120,2008,12,renault,31.0,0.0,5.0
121,2008,12,red_bull,24.0,0.0,6.0
122,2008,12,williams,16.0,0.0,7.0
123,2008,12,honda,14.0,0.0,8.0
124,2008,12,toro_rosso,8.0,0.0,9.0
125,2008,12,force_india,0.0,0.0,10.0
126,2008,12,super_aguri,0.0,0.0,11.0
127,2008,13,ferrari,121.0,6.0,1.0
128,2008,13,mclaren,113.0,5.0,2.0
129,2008,13,bmw_sauber,96.0,1.0,3.0
130,2008,13,toyota,41.0,0.0,4.0
131,2008,13,renault,31.0,0.0,5.0
132,2008,13,red_bull,24.0,0.0,6.0
133,2008,13,williams,17.0,0.0,7.0
134,2008,13,toro_rosso,11.0,0.0,9.0
135,2008,13,honda,14.0,0.0,8.0
136,2008,13,force_india,0.0,0.0,10.0
137,2008,13,super_aguri,0.0,0.0,11.0
138,2008,14,ferrari,131.0,7.0,1.0
139,2008,14,mclaren,119.0,5.0,2.0
140,2008,14,bmw_sauber,107.0,1.0,3.0
141,2008,14,toyota,41.0,0.0,4.0
142,2008,14,renault,36.0,0.0,5.0
143,2008,14,toro_rosso,17.0,0.0,8.0
144,2008,14,red_bull,25.0,0.0,6.0
145,2008,14,williams,17.0,0.0,7.0
146,2008,14,honda,14.0,0.0,9.0
147,2008,14,force_india,0.0,0.0,10.0
148,2008,14,super_aguri,0.0,0.0,11.0
149,2008,15,mclaren,129.0,5.0,2.0
150,2008,15,ferrari,134.0,7.0,1.0
151,2008,15,bmw_sauber,117.0,1.0,3.0
152,2008,15,renault,41.0,0.0,5.0
153,2008,15,toyota,41.0,0.0,4.0
154,2008,15,toro_rosso,27.0,1.0,6.0
155,2008,15,red_bull,26.0,0.0,7.0
156,2008,15,williams,17.0,0.0,8.0
157,2008,15,honda,14.0,0.0,9.0
158,2008,15,force_india,0.0,0.0,10.0
159,2008,15,super_aguri,0.0,0.0,11.0
160,2008,16,ferrari,134.0,7.0,2.0
161,2008,16,mclaren,135.0,5.0,1.0
162,2008,16,bmw_sauber,120.0,1.0,3.0
163,2008,16,renault,51.0,1.0,4.0
164,2008,16,toyota,46.0,0.0,5.0
165,2008,16,toro_rosso,31.0,1.0,6.0
166,2008,16,red_bull,28.0,0.0,7.0
167,2008,16,williams,26.0,0.0,8.0
168,2008,16,honda,14.0,0.0,9.0
169,2008,16,force_india,0.0,0.0,10.0
170,2008,16,super_aguri,0.0,0.0,11.0
171,2008,17,ferrari,142.0,7.0,1.0
172,2008,17,mclaren,135.0,5.0,2.0
173,2008,17,bmw_sauber,128.0,1.0,3.0
174,2008,17,renault,66.0,2.0,4.0
175,2008,17,toyota,50.0,0.0,5.0
176,2008,17,toro_rosso,34.0,1.0,6.0
177,2008,17,red_bull,29.0,0.0,7.0
178,2008,17,williams,26.0,0.0,8.0
179,2008,17,honda,14.0,0.0,9.0
180,2008,17,force_india,0.0,0.0,10.0
181,2008,17,super_aguri,0.0,0.0,11.0
182,2008,18,ferrari,156.0,7.0,1.0
183,2008,18,mclaren,145.0,6.0,2.0
184,2008,18,bmw_sauber,135.0,1.0,3.0
185,2008,18,renault,72.0,2.0,4.0
186,2008,18,toyota,52.0,0.0,5.0
187,2008,18,toro_rosso,34.0,1.0,6.0
188,2008,18,red_bull,29.0,0.0,7.0
189,2008,18,williams,26.0,0.0,8.0
190,2008,18,honda,14.0,0.0,9.0
191,2008,18,force_india,0.0,0.0,10.0
192,2008,18,super_aguri,0.0,0.0,11.0
193,2009,1,brawn,0.0,0.0,0.0
194,2009,1,toyota,0.0,0.0,0.0
195,2009,1,renault,0.0,0.0,0.0
196,2009,1,williams,0.0,0.0,0.0
197,2009,1,toro_rosso,0.0,0.0,0.0
198,2009,1,force_india,0.0,0.0,0.0
199,2009,1,bmw_sauber,0.0,0.0,0.0
200,2009,1,red_bull,0.0,0.0,0.0
201,2009,1,ferrari,0.0,0.0,0.0
202,2009,2,brawn,18.0,1.0,1.0
203,2009,2,toyota,11.0,0.0,2.0
204,2009,2,bmw_sauber,0.0,0.0,7.0
205,2009,2,renault,4.0,0.0,3.0
206,2009,2,williams,3.0,0.0,4.0
207,2009,2,toro_rosso,3.0,0.0,5.0
208,2009,2,red_bull,0.0,0.0,8.0
209,2009,2,mclaren,0.0,0.0,0.0
210,2009,2,force_india,0.0,0.0,6.0
211,2009,2,ferrari,0.0,0.0,9.0
212,2009,3,brawn,25.0,2.0,1.0
213,2009,3,red_bull,0.0,0.0,7.0
214,2009,3,toyota,0.0,0.0,2.0
215,2009,3,mclaren,1.0,0.0,8.0
216,2009,3,bmw_sauber,4.0,0.0,3.0
217,2009,3,renault,4.0,0.0,4.0
218,2009,3,toro_rosso,3.0,0.0,6.0
219,2009,3,williams,0.0,0.0,5.0
220,2009,3,ferrari,0.0,0.0,10.0
221,2009,3,force_india,0.0,0.0,9.0
222,2009,4,brawn,36.0,2.0,1.0
223,2009,4,red_bull,0.0,1.0,2.0
224,2009,4,toyota,0.0,0.0,3.0
225,2009,4,mclaren,8.0,0.0,4.0
226,2009,4,renault,4.0,0.0,6.0
227,2009,4,bmw_sauber,4.0,0.0,5.0
228,2009,4,toro_rosso,4.0,0.0,7.0
229,2009,4,williams,0.0,0.0,8.0
230,2009,4,ferrari,0.0,0.0,9.0
231,2009,4,force_india,0.0,0.0,10.0
232,2009,5,brawn,50.0,3.0,1.0
233,2009,5,red_bull,0.0,1.0,2.0
234,2009,5,toyota,0.0,0.0,3.0
235,2009,5,mclaren,13.0,0.0,4.0
236,2009,5,renault,5.0,0.0,5.0
237,2009,5,bmw_sauber,4.0,0.0,6.0
238,2009,5,ferrari,3.0,0.0,9.0
239,2009,5,williams,0.0,0.0,8.0
240,2009,5,toro_rosso,4.0,0.0,7.0
241,2009,5,force_india,0.0,0.0,10.0
242,2009,6,brawn,68.0,4.0,1.0
243,2009,6,red_bull,0.0,1.0,2.0
244,2009,6,toyota,0.0,0.0,3.0
245,2009,6,ferrari,6.0,0.0,7.0
246,2009,6,mclaren,13.0,0.0,4.0
247,2009,6,renault,9.0,0.0,5.0
248,2009,6,williams,0.0,0.0,8.0
249,2009,6,bmw_sauber,6.0,0.0,6.0
250,2009,6,toro_rosso,4.0,0.0,9.0
251,2009,6,force_india,0.0,0.0,10.0
252,2009,7,brawn,86.0,5.0,1.0
253,2009,7,red_bull,0.0,1.0,2.0
254,2009,7,toyota,0.0,0.0,3.0
255,2009,7,ferrari,17.0,0.0,4.0
256,2009,7,mclaren,13.0,0.0,5.0
257,2009,7,williams,0.0,0.0,7.0
258,2009,7,renault,11.0,0.0,6.0
259,2009,7,bmw_sauber,6.0,0.0,8.0
260,2009,7,toro_rosso,5.0,0.0,9.0
261,2009,7,force_india,0.0,0.0,10.0
262,2009,8,brawn,96.0,6.0,1.0
263,2009,8,red_bull,0.0,1.0,2.0
264,2009,8,toyota,0.0,0.0,3.0
265,2009,8,ferrari,20.0,0.0,4.0
266,2009,8,williams,0.0,0.0,6.0
267,2009,8,mclaren,13.0,0.0,5.0
268,2009,8,renault,11.0,0.0,7.0
269,2009,8,bmw_sauber,8.0,0.0,8.0
270,2009,8,toro_rosso,5.0,0.0,9.0
271,2009,8,force_india,0.0,0.0,10.0
272,2009,9,brawn,105.0,6.0,1.0
273,2009,9,red_bull,0.0,2.0,2.0
274,2009,9,toyota,0.0,0.0,3.0
275,2009,9,ferrari,26.0,0.0,4.0
276,2009,9,williams,0.0,0.0,5.0
277,2009,9,mclaren,13.0,0.0,6.0
278,2009,9,renault,11.0,0.0,7.0
279,2009,9,bmw_sauber,8.0,0.0,8.0
280,2009,9,toro_rosso,5.0,0.0,9.0
281,2009,9,force_india,0.0,0.0,10.0
282,2009,10,brawn,112.0,6.0,1.0
283,2009,10,red_bull,0.0,3.0,2.0
284,2009,10,ferrari,32.0,0.0,4.0
285,2009,10,toyota,0.0,0.0,3.0
286,2009,10,mclaren,14.0,0.0,6.0
287,2009,10,williams,0.0,0.0,5.0
288,2009,10,renault,13.0,0.0,7.0
289,2009,10,bmw_sauber,8.0,0.0,8.0
290,2009,10,toro_rosso,5.0,0.0,9.0
291,2009,10,force_india,0.0,0.0,10.0
292,2009,11,brawn,114.0,6.0,1.0
293,2009,11,red_bull,0.0,3.0,2.0
294,2009,11,ferrari,40.0,0.0,3.0
295,2009,11,mclaren,28.0,1.0,5.0
296,2009,11,toyota,0.0,0.0,4.0
297,2009,11,williams,0.0,0.0,6.0
298,2009,11,renault,13.0,0.0,7.0
299,2009,11,bmw_sauber,8.0,0.0,8.0
300,2009,11,toro_rosso,5.0,0.0,9.0
301,2009,11,force_india,0.0,0.0,10.0
302,2009,12,brawn,126.0,7.0,1.0
303,2009,12,red_bull,0.0,3.0,2.0
304,2009,12,ferrari,46.0,0.0,3.0
305,2009,12,mclaren,41.0,1.0,4.0
306,2009,12,toyota,0.0,0.0,5.0
307,2009,12,williams,0.0,0.0,6.0
308,2009,12,bmw_sauber,9.0,0.0,8.0
309,2009,12,renault,16.0,0.0,7.0
310,2009,12,force_india,0.0,0.0,10.0
311,2009,12,toro_rosso,5.0,0.0,9.0
312,2009,13,brawn,128.0,7.0,1.0
313,2009,13,red_bull,0.0,3.0,2.0
314,2009,13,ferrari,56.0,1.0,3.0
315,2009,13,mclaren,44.0,1.0,4.0
316,2009,13,toyota,0.0,0.0,5.0
317,2009,13,williams,0.0,0.0,6.0
318,2009,13,bmw_sauber,18.0,0.0,7.0
319,2009,13,renault,16.0,0.0,8.0
320,2009,13,force_india,8.0,0.0,9.0
321,2009,13,toro_rosso,5.0,0.0,10.0
322,2009,14,brawn,146.0,8.0,1.0
323,2009,14,red_bull,0.0,3.0,2.0
324,2009,14,ferrari,62.0,1.0,3.0
325,2009,14,mclaren,47.0,1.0,4.0
326,2009,14,toyota,0.0,0.0,5.0
327,2009,14,williams,0.0,0.0,6.0
328,2009,14,renault,20.0,0.0,8.0
329,2009,14,bmw_sauber,20.0,0.0,7.0
330,2009,14,force_india,13.0,0.0,9.0
331,2009,14,toro_rosso,5.0,0.0,10.0
332,2009,15,brawn,153.0,8.0,1.0
333,2009,15,red_bull,0.0,3.0,2.0
334,2009,15,ferrari,62.0,1.0,3.0
335,2009,15,mclaren,59.0,2.0,4.0
336,2009,15,toyota,0.0,0.0,5.0
337,2009,15,williams,0.0,0.0,6.0
338,2009,15,renault,26.0,0.0,7.0
339,2009,15,bmw_sauber,21.0,0.0,8.0
340,2009,15,force_india,13.0,0.0,9.0
341,2009,15,toro_rosso,5.0,0.0,10.0
342,2009,16,brawn,156.0,8.0,1.0
343,2009,16,red_bull,0.0,4.0,2.0
344,2009,16,mclaren,65.0,2.0,4.0
345,2009,16,ferrari,67.0,1.0,3.0
346,2009,16,toyota,0.0,0.0,5.0
347,2009,16,williams,0.0,0.0,6.0
348,2009,16,bmw_sauber,24.0,0.0,8.0
349,2009,16,renault,26.0,0.0,7.0
350,2009,16,force_india,13.0,0.0,9.0
351,2009,16,toro_rosso,5.0,0.0,10.0
352,2009,17,brawn,161.0,8.0,1.0
353,2009,17,red_bull,0.0,5.0,2.0
354,2009,17,mclaren,71.0,2.0,3.0
355,2009,17,ferrari,70.0,1.0,4.0
356,2009,17,toyota,0.0,0.0,5.0
357,2009,17,bmw_sauber,32.0,0.0,7.0
358,2009,17,williams,0.0,0.0,6.0
359,2009,17,renault,26.0,0.0,8.0
360,2009,17,force_india,13.0,0.0,9.0
361,2009,17,toro_rosso,7.0,0.0,10.0
362,2010,1,ferrari,0.0,0.0,0.0
363,2010,1,mclaren,0.0,0.0,0.0
364,2010,1,mercedes,0.0,0.0,0.0
365,2010,1,red_bull,0.0,0.0,0.0
366,2010,1,force_india,0.0,0.0,0.0
367,2010,1,williams,0.0,0.0,0.0
368,2010,1,renault,0.0,0.0,0.0
369,2010,1,toro_rosso,0.0,0.0,0.0
370,2010,1,lotus_racing,0.0,0.0,0.0
371,2010,1,sauber,0.0,0.0,0.0
372,2010,1,hrt,0.0,0.0,0.0
373,2010,1,virgin,0.0,0.0,0.0
374,2010,2,ferrari,43.0,1.0,1.0
375,2010,2,mclaren,21.0,0.0,2.0
376,2010,2,mercedes,18.0,0.0,3.0
377,2010,2,renault,0.0,0.0,7.0
378,2010,2,red_bull,16.0,0.0,4.0
379,2010,2,force_india,2.0,0.0,5.0
380,2010,2,williams,1.0,0.0,6.0
381,2010,2,toro_rosso,0.0,0.0,8.0
382,2010,2,sauber,0.0,0.0,10.0
383,2010,2,lotus_racing,0.0,0.0,9.0
384,2010,2,hrt,0.0,0.0,11.0
385,2010,2,virgin,0.0,0.0,12.0
386,2010,3,ferrari,70.0,1.0,1.0
387,2010,3,mclaren,54.0,1.0,2.0
388,2010,3,red_bull,18.0,0.0,5.0
389,2010,3,mercedes,29.0,0.0,3.0
390,2010,3,renault,18.0,0.0,4.0
391,2010,3,force_india,8.0,0.0,6.0
392,2010,3,williams,5.0,0.0,7.0
393,2010,3,toro_rosso,0.0,0.0,8.0
394,2010,3,sauber,0.0,0.0,9.0
395,2010,3,lotus_racing,0.0,0.0,10.0
396,2010,3,hrt,0.0,0.0,11.0
397,2010,3,virgin,0.0,0.0,12.0
398,2010,4,mclaren,66.0,1.0,2.0
399,2010,4,ferrari,76.0,1.0,1.0
400,2010,4,red_bull,61.0,1.0,3.0
401,2010,4,mercedes,44.0,0.0,4.0
402,2010,4,renault,30.0,0.0,5.0
403,2010,4,force_india,18.0,0.0,6.0
404,2010,4,williams,6.0,0.0,7.0
405,2010,4,toro_rosso,2.0,0.0,8.0
406,2010,4,sauber,0.0,0.0,9.0
407,2010,4,lotus_racing,0.0,0.0,10.0
408,2010,4,hrt,0.0,0.0,11.0
409,2010,4,virgin,0.0,0.0,12.0
410,2010,5,mclaren,109.0,2.0,1.0
411,2010,5,ferrari,90.0,1.0,2.0
412,2010,5,red_bull,73.0,1.0,3.0
413,2010,5,mercedes,60.0,0.0,4.0
414,2010,5,renault,46.0,0.0,5.0
415,2010,5,force_india,18.0,0.0,6.0
416,2010,5,williams,6.0,0.0,7.0
417,2010,5,toro_rosso,2.0,0.0,8.0
418,2010,5,sauber,0.0,0.0,9.0
419,2010,5,lotus_racing,0.0,0.0,10.0
420,2010,5,hrt,0.0,0.0,11.0
421,2010,5,virgin,0.0,0.0,12.0
422,2010,6,red_bull,113.0,2.0,3.0
423,2010,6,ferrari,116.0,1.0,2.0
424,2010,6,mclaren,119.0,2.0,1.0
425,2010,6,mercedes,72.0,0.0,4.0
426,2010,6,renault,50.0,0.0,5.0
427,2010,6,force_india,24.0,0.0,6.0
428,2010,6,williams,8.0,0.0,7.0
429,2010,6,toro_rosso,3.0,0.0,8.0
430,2010,6,sauber,0.0,0.0,9.0
431,2010,6,lotus_racing,0.0,0.0,10.0
432,2010,6,hrt,0.0,0.0,11.0
433,2010,6,virgin,0.0,0.0,12.0
434,2010,7,mclaren,129.0,2.0,3.0
435,2010,7,red_bull,156.0,3.0,1.0
436,2010,7,ferrari,136.0,1.0,2.0
437,2010,7,mercedes,78.0,0.0,4.0
438,2010,7,renault,65.0,0.0,5.0
439,2010,7,force_india,30.0,0.0,6.0
440,2010,7,williams,8.0,0.0,7.0
441,2010,7,toro_rosso,4.0,0.0,8.0
442,2010,7,sauber,0.0,0.0,9.0
443,2010,7,lotus_racing,0.0,0.0,10.0
444,2010,7,hrt,0.0,0.0,11.0
445,2010,7,virgin,0.0,0.0,12.0
446,2010,8,mclaren,172.0,3.0,1.0
447,2010,8,red_bull,171.0,3.0,2.0
448,2010,8,ferrari,146.0,1.0,3.0
449,2010,8,mercedes,100.0,0.0,4.0
450,2010,8,renault,73.0,0.0,5.0
451,2010,8,force_india,32.0,0.0,6.0
452,2010,8,toro_rosso,4.0,0.0,8.0
453,2010,8,williams,8.0,0.0,7.0
454,2010,8,sauber,1.0,0.0,9.0
455,2010,8,lotus_racing,0.0,0.0,10.0
456,2010,8,hrt,0.0,0.0,11.0
457,2010,8,virgin,0.0,0.0,12.0
458,2010,9,mclaren,215.0,4.0,1.0
459,2010,9,red_bull,193.0,3.0,2.0
460,2010,9,ferrari,161.0,1.0,3.0
461,2010,9,mercedes,108.0,0.0,4.0
462,2010,9,renault,79.0,0.0,5.0
463,2010,9,force_india,35.0,0.0,6.0
464,2010,9,williams,8.0,0.0,8.0
465,2010,9,toro_rosso,8.0,0.0,7.0
466,2010,9,sauber,1.0,0.0,9.0
467,2010,9,lotus_racing,0.0,0.0,10.0
468,2010,9,hrt,0.0,0.0,11.0
469,2010,9,virgin,0.0,0.0,12.0
470,2010,10,mclaren,248.0,4.0,1.0
471,2010,10,red_bull,218.0,4.0,2.0
472,2010,10,ferrari,165.0,1.0,3.0
473,2010,10,mercedes,109.0,0.0,4.0
474,2010,10,renault,89.0,0.0,5.0
475,2010,10,force_india,43.0,0.0,6.0
476,2010,10,williams,20.0,0.0,7.0
477,2010,10,sauber,7.0,0.0,9.0
478,2010,10,toro_rosso,10.0,0.0,8.0
479,2010,10,lotus_racing,0.0,0.0,10.0
480,2010,10,hrt,0.0,0.0,11.0
481,2010,10,virgin,0.0,0.0,12.0
482,2010,11,mclaren,278.0,4.0,1.0
483,2010,11,red_bull,249.0,5.0,2.0
484,2010,11,ferrari,165.0,1.0,3.0
485,2010,11,mercedes,126.0,0.0,4.0
486,2010,11,renault,89.0,0.0,5.0
487,2010,11,force_india,47.0,0.0,6.0
488,2010,11,williams,31.0,0.0,7.0
489,2010,11,sauber,15.0,0.0,8.0
490,2010,11,toro_rosso,10.0,0.0,9.0
491,2010,11,lotus_racing,0.0,0.0,10.0
492,2010,11,hrt,0.0,0.0,11.0
493,2010,11,virgin,0.0,0.0,12.0
494,2010,12,red_bull,272.0,5.0,2.0
495,2010,12,mclaren,300.0,4.0,1.0
496,2010,12,ferrari,208.0,2.0,3.0
497,2010,12,mercedes,132.0,0.0,4.0
498,2010,12,renault,96.0,0.0,5.0
499,2010,12,force_india,47.0,0.0,6.0
500,2010,12,williams,31.0,0.0,7.0
501,2010,12,sauber,15.0,0.0,8.0
502,2010,12,toro_rosso,10.0,0.0,9.0
503,2010,12,lotus_racing,0.0,0.0,10.0
504,2010,12,hrt,0.0,0.0,11.0
505,2010,12,virgin,0.0,0.0,12.0
506,2010,13,red_bull,312.0,6.0,1.0
507,2010,13,mclaren,304.0,4.0,2.0
508,2010,13,ferrari,238.0,2.0,3.0
509,2010,13,mercedes,132.0,0.0,4.0
510,2010,13,renault,106.0,0.0,5.0
511,2010,13,force_india,47.0,0.0,6.0
512,2010,13,williams,40.0,0.0,7.0
513,2010,13,sauber,23.0,0.0,8.0
514,2010,13,toro_rosso,10.0,0.0,9.0
515,2010,13,lotus_racing,0.0,0.0,10.0
516,2010,13,hrt,0.0,0.0,11.0
517,2010,13,virgin,0.0,0.0,12.0
518,2010,14,red_bull,330.0,6.0,1.0
519,2010,14,mclaren,329.0,5.0,2.0
520,2010,14,ferrari,250.0,2.0,3.0
521,2010,14,mercedes,146.0,0.0,4.0
522,2010,14,renault,123.0,0.0,5.0
523,2010,14,force_india,58.0,0.0,6.0
524,2010,14,williams,40.0,0.0,7.0
525,2010,14,sauber,27.0,0.0,8.0
526,2010,14,toro_rosso,10.0,0.0,9.0
527,2010,14,lotus_racing,0.0,0.0,10.0
528,2010,14,hrt,0.0,0.0,11.0
529,2010,14,virgin,0.0,0.0,12.0
530,2010,15,red_bull,350.0,6.0,1.0
531,2010,15,mclaren,347.0,5.0,2.0
532,2010,15,ferrari,290.0,3.0,3.0
533,2010,15,mercedes,158.0,0.0,4.0
534,2010,15,renault,127.0,0.0,5.0
535,2010,15,force_india,58.0,0.0,6.0
536,2010,15,williams,47.0,0.0,7.0
537,2010,15,sauber,27.0,0.0,8.0
538,2010,15,toro_rosso,10.0,0.0,9.0
539,2010,15,lotus_racing,0.0,0.0,10.0
540,2010,15,hrt,0.0,0.0,11.0
541,2010,15,virgin,0.0,0.0,12.0
542,2010,16,red_bull,383.0,6.0,1.0
543,2010,16,mclaren,359.0,5.0,2.0
544,2010,16,ferrari,319.0,4.0,3.0
545,2010,16,mercedes,168.0,0.0,4.0
546,2010,16,renault,133.0,0.0,5.0
547,2010,16,force_india,60.0,0.0,6.0
548,2010,16,williams,56.0,0.0,7.0
549,2010,16,sauber,27.0,0.0,8.0
550,2010,16,toro_rosso,10.0,0.0,9.0
551,2010,16,lotus_racing,0.0,0.0,10.0
552,2010,16,hrt,0.0,0.0,11.0
553,2010,16,virgin,0.0,0.0,12.0
554,2010,17,red_bull,426.0,7.0,1.0
555,2010,17,mclaren,381.0,5.0,2.0
556,2010,17,ferrari,334.0,4.0,3.0
557,2010,17,mercedes,176.0,0.0,4.0
558,2010,17,renault,133.0,0.0,5.0
559,2010,17,force_india,60.0,0.0,6.0
560,2010,17,williams,58.0,0.0,7.0
561,2010,17,sauber,37.0,0.0,8.0
562,2010,17,toro_rosso,11.0,0.0,9.0
563,2010,17,lotus_racing,0.0,0.0,10.0
564,2010,17,hrt,0.0,0.0,11.0
565,2010,17,virgin,0.0,0.0,12.0
566,2010,18,red_bull,426.0,7.0,1.0
567,2010,18,mclaren,399.0,5.0,2.0
568,2010,18,ferrari,374.0,5.0,3.0
569,2010,18,mercedes,188.0,0.0,4.0
570,2010,18,renault,143.0,0.0,5.0
571,2010,18,williams,65.0,0.0,7.0
572,2010,18,force_india,68.0,0.0,6.0
573,2010,18,sauber,43.0,0.0,8.0
574,2010,18,toro_rosso,11.0,0.0,9.0
575,2010,18,lotus_racing,0.0,0.0,10.0
576,2010,18,hrt,0.0,0.0,11.0
577,2010,18,virgin,0.0,0.0,12.0
578,2010,19,red_bull,469.0,8.0,1.0
579,2010,19,mclaren,421.0,5.0,2.0
580,2010,19,ferrari,389.0,5.0,3.0
581,2010,19,mercedes,202.0,0.0,4.0
582,2010,19,renault,145.0,0.0,5.0
583,2010,19,williams,69.0,0.0,6.0
584,2010,19,force_india,68.0,0.0,7.0
585,2010,19,sauber,44.0,0.0,8.0
586,2010,19,toro_rosso,11.0,0.0,9.0
587,2010,19,lotus_racing,0.0,0.0,10.0
588,2010,19,hrt,0.0,0.0,11.0
589,2010,19,virgin,0.0,0.0,12.0
590,2011,1,red_bull,0.0,0.0,0.0
591,2011,1,mclaren,0.0,0.0,0.0
592,2011,1,ferrari,0.0,0.0,0.0
593,2011,1,renault,0.0,0.0,0.0
594,2011,1,toro_rosso,0.0,0.0,0.0
595,2011,1,force_india,0.0,0.0,0.0
596,2011,1,lotus_racing,0.0,0.0,0.0
597,2011,1,virgin,0.0,0.0,0.0
598,2011,1,williams,0.0,0.0,0.0
599,2011,1,mercedes,0.0,0.0,0.0
600,2011,2,red_bull,35.0,1.0,1.0
601,2011,2,mclaren,26.0,0.0,2.0
602,2011,2,ferrari,18.0,0.0,3.0
603,2011,2,renault,15.0,0.0,4.0
604,2011,2,sauber,0.0,0.0,0.0
605,2011,2,toro_rosso,4.0,0.0,5.0
606,2011,2,force_india,3.0,0.0,6.0
607,2011,2,mercedes,0.0,0.0,10.0
608,2011,2,lotus_racing,0.0,0.0,7.0
609,2011,2,virgin,0.0,0.0,8.0
610,2011,2,williams,0.0,0.0,9.0
611,2011,2,hrt,0.0,0.0,0.0
612,2011,3,red_bull,72.0,2.0,1.0
613,2011,3,mclaren,48.0,0.0,2.0
614,2011,3,ferrari,36.0,0.0,3.0
615,2011,3,renault,30.0,0.0,4.0
616,2011,3,mercedes,2.0,0.0,8.0
617,2011,3,sauber,6.0,0.0,5.0
618,2011,3,toro_rosso,4.0,0.0,6.0
619,2011,3,force_india,4.0,0.0,7.0
620,2011,3,lotus_racing,0.0,0.0,9.0
621,2011,3,williams,0.0,0.0,11.0
622,2011,3,virgin,0.0,0.0,10.0
623,2011,3,hrt,0.0,0.0,12.0
624,2011,4,red_bull,105.0,2.0,1.0
625,2011,4,mclaren,85.0,1.0,2.0
626,2011,4,ferrari,50.0,0.0,3.0
627,2011,4,renault,32.0,0.0,4.0
628,2011,4,mercedes,16.0,0.0,5.0
629,2011,4,sauber,7.0,0.0,6.0
630,2011,4,toro_rosso,4.0,0.0,7.0
631,2011,4,force_india,4.0,0.0,8.0
632,2011,4,lotus_racing,0.0,0.0,9.0
633,2011,4,williams,0.0,0.0,10.0
634,2011,4,virgin,0.0,0.0,11.0
635,2011,4,hrt,0.0,0.0,12.0
636,2011,5,red_bull,148.0,3.0,1.0
637,2011,5,mclaren,105.0,1.0,2.0
638,2011,5,ferrari,65.0,0.0,3.0
639,2011,5,renault,42.0,0.0,4.0
640,2011,5,mercedes,26.0,0.0,5.0
641,2011,5,sauber,8.0,0.0,6.0
642,2011,5,toro_rosso,6.0,0.0,7.0
643,2011,5,force_india,4.0,0.0,8.0
644,2011,5,williams,0.0,0.0,10.0
645,2011,5,lotus_racing,0.0,0.0,9.0
646,2011,5,virgin,0.0,0.0,11.0
647,2011,5,hrt,0.0,0.0,12.0
648,2011,6,red_bull,185.0,4.0,1.0
649,2011,6,mclaren,138.0,1.0,2.0
650,2011,6,ferrari,75.0,0.0,3.0
651,2011,6,renault,46.0,0.0,4.0
652,2011,6,mercedes,40.0,0.0,5.0
653,2011,6,sauber,11.0,0.0,6.0
654,2011,6,force_india,4.0,0.0,8.0
655,2011,6,toro_rosso,6.0,0.0,7.0
656,2011,6,williams,0.0,0.0,9.0
657,2011,6,lotus_racing,0.0,0.0,10.0
658,2011,6,virgin,0.0,0.0,11.0
659,2011,6,hrt,0.0,0.0,12.0
660,2011,7,red_bull,222.0,5.0,1.0
661,2011,7,mclaren,161.0,1.0,2.0
662,2011,7,ferrari,93.0,0.0,3.0
663,2011,7,renault,50.0,0.0,4.0
664,2011,7,mercedes,40.0,0.0,5.0
665,2011,7,sauber,21.0,0.0,6.0
666,2011,7,toro_rosso,7.0,0.0,8.0
667,2011,7,force_india,10.0,0.0,7.0
668,2011,7,williams,2.0,0.0,9.0
669,2011,7,lotus_racing,0.0,0.0,10.0
670,2011,7,hrt,0.0,0.0,12.0
671,2011,7,virgin,0.0,0.0,11.0
672,2011,8,red_bull,255.0,5.0,1.0
673,2011,8,mclaren,186.0,2.0,2.0
674,2011,8,ferrari,101.0,0.0,3.0
675,2011,8,renault,60.0,0.0,4.0
676,2011,8,mercedes,52.0,0.0,5.0
677,2011,8,sauber,27.0,0.0,6.0
678,2011,8,toro_rosso,12.0,0.0,7.0
679,2011,8,force_india,10.0,0.0,8.0
680,2011,8,williams,4.0,0.0,9.0
681,2011,8,lotus_racing,0.0,0.0,10.0
682,2011,8,hrt,0.0,0.0,11.0
683,2011,8,virgin,0.0,0.0,12.0
684,2011,9,red_bull,295.0,6.0,1.0
685,2011,9,mclaren,206.0,2.0,2.0
686,2011,9,ferrari,129.0,0.0,3.0
687,2011,9,mercedes,58.0,0.0,5.0
688,2011,9,renault,61.0,0.0,4.0
689,2011,9,sauber,27.0,0.0,6.0
690,2011,9,toro_rosso,16.0,0.0,7.0
691,2011,9,force_india,12.0,0.0,8.0
692,2011,9,williams,4.0,0.0,9.0
693,2011,9,lotus_racing,0.0,0.0,10.0
694,2011,9,hrt,0.0,0.0,11.0
695,2011,9,virgin,0.0,0.0,12.0
696,2011,10,red_bull,328.0,6.0,1.0
697,2011,10,mclaren,218.0,2.0,2.0
698,2011,10,ferrari,164.0,1.0,3.0
699,2011,10,mercedes,68.0,0.0,4.0
700,2011,10,renault,65.0,0.0,5.0
701,2011,10,sauber,33.0,0.0,6.0
702,2011,10,force_india,12.0,0.0,8.0
703,2011,10,toro_rosso,17.0,0.0,7.0
704,2011,10,williams,4.0,0.0,9.0
705,2011,10,lotus_racing,0.0,0.0,10.0
706,2011,10,hrt,0.0,0.0,11.0
707,2011,10,virgin,0.0,0.0,12.0
708,2011,11,red_bull,355.0,6.0,1.0
709,2011,11,mclaren,243.0,3.0,2.0
710,2011,11,ferrari,192.0,1.0,3.0
711,2011,11,mercedes,78.0,0.0,4.0
712,2011,11,renault,66.0,0.0,5.0
713,2011,11,sauber,35.0,0.0,6.0
714,2011,11,force_india,20.0,0.0,7.0
715,2011,11,toro_rosso,17.0,0.0,8.0
716,2011,11,williams,4.0,0.0,9.0
717,2011,11,lotus_racing,0.0,0.0,10.0
718,2011,11,hrt,0.0,0.0,11.0
719,2011,11,virgin,0.0,0.0,12.0
720,2011,12,red_bull,383.0,6.0,1.0
721,2011,12,mclaren,280.0,4.0,2.0
722,2011,12,ferrari,215.0,1.0,3.0
723,2011,12,mercedes,80.0,0.0,4.0
724,2011,12,renault,66.0,0.0,5.0
725,2011,12,sauber,35.0,0.0,6.0
726,2011,12,force_india,26.0,0.0,7.0
727,2011,12,toro_rosso,22.0,0.0,8.0
728,2011,12,williams,4.0,0.0,9.0
729,2011,12,lotus_racing,0.0,0.0,10.0
730,2011,12,hrt,0.0,0.0,11.0
731,2011,12,virgin,0.0,0.0,12.0
732,2011,13,red_bull,426.0,7.0,1.0
733,2011,13,mclaren,295.0,4.0,2.0
734,2011,13,ferrari,231.0,1.0,3.0
735,2011,13,mercedes,98.0,0.0,4.0
736,2011,13,renault,68.0,0.0,5.0
737,2011,13,force_india,32.0,0.0,7.0
738,2011,13,sauber,35.0,0.0,6.0
739,2011,13,toro_rosso,22.0,0.0,8.0
740,2011,13,williams,5.0,0.0,9.0
741,2011,13,lotus_racing,0.0,0.0,10.0
742,2011,13,hrt,0.0,0.0,11.0
743,2011,13,virgin,0.0,0.0,12.0
744,2011,14,red_bull,451.0,8.0,1.0
745,2011,14,mclaren,325.0,4.0,2.0
746,2011,14,ferrari,254.0,1.0,3.0
747,2011,14,mercedes,108.0,0.0,4.0
748,2011,14,renault,70.0,0.0,5.0
749,2011,14,force_india,36.0,0.0,6.0
750,2011,14,sauber,35.0,0.0,7.0
751,2011,14,toro_rosso,29.0,0.0,8.0
752,2011,14,williams,5.0,0.0,9.0
753,2011,14,lotus_racing,0.0,0.0,10.0
754,2011,14,hrt,0.0,0.0,11.0
755,2011,14,virgin,0.0,0.0,12.0
756,2011,15,red_bull,491.0,9.0,1.0
757,2011,15,mclaren,353.0,4.0,2.0
758,2011,15,ferrari,268.0,1.0,3.0
759,2011,15,mercedes,114.0,0.0,4.0
760,2011,15,renault,70.0,0.0,5.0
761,2011,15,force_india,48.0,0.0,6.0
762,2011,15,sauber,36.0,0.0,7.0
763,2011,15,toro_rosso,29.0,0.0,8.0
764,2011,15,williams,5.0,0.0,9.0
765,2011,15,lotus_racing,0.0,0.0,10.0
766,2011,15,hrt,0.0,0.0,11.0
767,2011,15,virgin,0.0,0.0,12.0
768,2011,16,red_bull,518.0,9.0,1.0
769,2011,16,mclaren,388.0,5.0,2.0
770,2011,16,ferrari,292.0,1.0,3.0
771,2011,16,mercedes,123.0,0.0,4.0
772,2011,16,renault,72.0,0.0,5.0
773,2011,16,force_india,48.0,0.0,6.0
774,2011,16,sauber,40.0,0.0,7.0
775,2011,16,toro_rosso,29.0,0.0,8.0
776,2011,16,williams,5.0,0.0,9.0
777,2011,16,lotus_racing,0.0,0.0,10.0
778,2011,16,hrt,0.0,0.0,11.0
779,2011,16,virgin,0.0,0.0,12.0
780,2011,17,red_bull,558.0,10.0,1.0
781,2011,17,mclaren,418.0,5.0,2.0
782,2011,17,ferrari,310.0,1.0,3.0
783,2011,17,mercedes,127.0,0.0,4.0
784,2011,17,renault,72.0,0.0,5.0
785,2011,17,force_india,49.0,0.0,6.0
786,2011,17,sauber,40.0,0.0,7.0
787,2011,17,toro_rosso,37.0,0.0,8.0
788,2011,17,williams,5.0,0.0,9.0
789,2011,17,lotus_racing,0.0,0.0,10.0
790,2011,17,hrt,0.0,0.0,11.0
791,2011,17,virgin,0.0,0.0,12.0
792,2011,18,red_bull,595.0,11.0,1.0
793,2011,18,mclaren,442.0,5.0,2.0
794,2011,18,ferrari,325.0,1.0,3.0
795,2011,18,mercedes,145.0,0.0,4.0
796,2011,18,renault,72.0,0.0,5.0
797,2011,18,force_india,51.0,0.0,6.0
798,2011,18,sauber,41.0,0.0,7.0
799,2011,18,toro_rosso,41.0,0.0,8.0
800,2011,18,williams,5.0,0.0,9.0
801,2011,18,lotus_racing,0.0,0.0,10.0
802,2011,18,hrt,0.0,0.0,11.0
803,2011,18,virgin,0.0,0.0,12.0
804,2011,19,red_bull,607.0,11.0,1.0
805,2011,19,mclaren,482.0,6.0,2.0
806,2011,19,ferrari,353.0,1.0,3.0
807,2011,19,mercedes,159.0,0.0,4.0
808,2011,19,renault,72.0,0.0,5.0
809,2011,19,force_india,57.0,0.0,6.0
810,2011,19,sauber,42.0,0.0,7.0
811,2011,19,toro_rosso,41.0,0.0,8.0
812,2011,19,williams,5.0,0.0,9.0
813,2011,19,lotus_racing,0.0,0.0,10.0
814,2011,19,hrt,0.0,0.0,11.0
815,2011,19,virgin,0.0,0.0,12.0
816,2012,1,mclaren,0.0,0.0,0.0
817,2012,1,red_bull,0.0,0.0,0.0
818,2012,1,sauber,0.0,0.0,0.0
819,2012,1,ferrari,0.0,0.0,0.0
820,2012,1,lotus_f1,0.0,0.0,0.0
821,2012,1,toro_rosso,0.0,0.0,0.0
822,2012,1,force_india,0.0,0.0,0.0
823,2012,1,mercedes,0.0,0.0,0.0
824,2012,1,williams,0.0,0.0,0.0
825,2012,1,marussia,0.0,0.0,0.0
826,2012,1,caterham,0.0,0.0,0.0
827,2012,2,mclaren,40.0,1.0,1.0
828,2012,2,red_bull,30.0,0.0,2.0
829,2012,2,ferrari,10.0,0.0,4.0
830,2012,2,sauber,12.0,0.0,3.0
831,2012,2,lotus_f1,6.0,0.0,5.0
832,2012,2,force_india,1.0,0.0,7.0
833,2012,2,williams,0.0,0.0,9.0
834,2012,2,toro_rosso,2.0,0.0,6.0
835,2012,2,mercedes,0.0,0.0,8.0
836,2012,2,marussia,0.0,0.0,10.0
837,2012,2,caterham,0.0,0.0,11.0
838,2012,2,hrt,0.0,0.0,0.0
839,2012,3,mclaren,55.0,1.0,1.0
840,2012,3,red_bull,42.0,0.0,2.0
841,2012,3,ferrari,35.0,1.0,3.0
842,2012,3,sauber,30.0,0.0,4.0
843,2012,3,mercedes,1.0,0.0,9.0
844,2012,3,lotus_f1,16.0,0.0,5.0
845,2012,3,williams,8.0,0.0,7.0
846,2012,3,force_india,9.0,0.0,6.0
847,2012,3,toro_rosso,6.0,0.0,8.0
848,2012,3,marussia,0.0,0.0,10.0
849,2012,3,caterham,0.0,0.0,11.0
850,2012,3,hrt,0.0,0.0,12.0
851,2012,4,red_bull,64.0,0.0,2.0
852,2012,4,mclaren,88.0,1.0,1.0
853,2012,4,lotus_f1,24.0,0.0,6.0
854,2012,4,ferrari,37.0,1.0,3.0
855,2012,4,mercedes,26.0,1.0,5.0
856,2012,4,sauber,31.0,0.0,4.0
857,2012,4,williams,18.0,0.0,7.0
858,2012,4,force_india,9.0,0.0,8.0
859,2012,4,toro_rosso,6.0,0.0,9.0
860,2012,4,marussia,0.0,0.0,10.0
861,2012,4,caterham,0.0,0.0,11.0
862,2012,4,hrt,0.0,0.0,12.0
863,2012,5,red_bull,101.0,1.0,1.0
864,2012,5,mclaren,92.0,1.0,2.0
865,2012,5,lotus_f1,57.0,0.0,3.0
866,2012,5,ferrari,45.0,1.0,4.0
867,2012,5,mercedes,37.0,1.0,5.0
868,2012,5,williams,18.0,0.0,7.0
869,2012,5,sauber,31.0,0.0,6.0
870,2012,5,force_india,17.0,0.0,8.0
871,2012,5,toro_rosso,6.0,0.0,9.0
872,2012,5,marussia,0.0,0.0,10.0
873,2012,5,caterham,0.0,0.0,11.0
874,2012,5,hrt,0.0,0.0,12.0
875,2012,6,red_bull,109.0,1.0,1.0
876,2012,6,mclaren,98.0,1.0,2.0
877,2012,6,ferrari,63.0,1.0,4.0
878,2012,6,lotus_f1,84.0,0.0,3.0
879,2012,6,mercedes,43.0,1.0,5.0
880,2012,6,williams,43.0,1.0,6.0
881,2012,6,sauber,41.0,0.0,7.0
882,2012,6,force_india,18.0,0.0,8.0
883,2012,6,toro_rosso,6.0,0.0,9.0
884,2012,6,caterham,0.0,0.0,11.0
885,2012,6,marussia,0.0,0.0,10.0
886,2012,6,hrt,0.0,0.0,12.0
887,2012,7,red_bull,146.0,2.0,1.0
888,2012,7,mclaren,108.0,1.0,2.0
889,2012,7,lotus_f1,86.0,0.0,4.0
890,2012,7,ferrari,86.0,1.0,3.0
891,2012,7,mercedes,61.0,1.0,5.0
892,2012,7,sauber,41.0,0.0,7.0
893,2012,7,williams,44.0,1.0,6.0
894,2012,7,force_india,28.0,0.0,8.0
895,2012,7,toro_rosso,6.0,0.0,9.0
896,2012,7,caterham,0.0,0.0,10.0
897,2012,7,marussia,0.0,0.0,11.0
898,2012,7,hrt,0.0,0.0,12.0
899,2012,8,red_bull,164.0,2.0,1.0
900,2012,8,mclaren,133.0,2.0,2.0
901,2012,8,lotus_f1,108.0,0.0,3.0
902,2012,8,ferrari,97.0,1.0,4.0
903,2012,8,mercedes,69.0,1.0,5.0
904,2012,8,sauber,58.0,0.0,6.0
905,2012,8,williams,44.0,1.0,7.0
906,2012,8,force_india,28.0,0.0,8.0
907,2012,8,toro_rosso,6.0,0.0,9.0
908,2012,8,caterham,0.0,0.0,10.0
909,2012,8,marussia,0.0,0.0,11.0
910,2012,8,hrt,0.0,0.0,12.0
911,2012,9,red_bull,176.0,2.0,1.0
912,2012,9,ferrari,122.0,2.0,4.0
913,2012,9,lotus_f1,126.0,0.0,3.0
914,2012,9,mclaren,137.0,2.0,2.0
915,2012,9,mercedes,92.0,1.0,5.0
916,2012,9,sauber,60.0,0.0,6.0
917,2012,9,williams,45.0,1.0,7.0
918,2012,9,force_india,44.0,0.0,8.0
919,2012,9,toro_rosso,6.0,0.0,9.0
920,2012,9,caterham,0.0,0.0,10.0
921,2012,9,marussia,0.0,0.0,11.0
922,2012,9,hrt,0.0,0.0,12.0
923,2012,10,red_bull,216.0,3.0,1.0
924,2012,10,ferrari,152.0,2.0,2.0
925,2012,10,mclaren,142.0,2.0,4.0
926,2012,10,lotus_f1,144.0,0.0,3.0
927,2012,10,mercedes,98.0,1.0,5.0
928,2012,10,sauber,60.0,0.0,6.0
929,2012,10,williams,47.0,1.0,7.0
930,2012,10,force_india,44.0,0.0,8.0
931,2012,10,toro_rosso,6.0,0.0,9.0
932,2012,10,caterham,0.0,0.0,10.0
933,2012,10,marussia,0.0,0.0,11.0
934,2012,10,hrt,0.0,0.0,12.0
935,2012,11,red_bull,230.0,3.0,1.0
936,2012,11,mclaren,160.0,2.0,3.0
937,2012,11,lotus_f1,159.0,0.0,4.0
938,2012,11,ferrari,177.0,3.0,2.0
939,2012,11,mercedes,105.0,1.0,5.0
940,2012,11,sauber,80.0,0.0,6.0
941,2012,11,williams,47.0,1.0,7.0
942,2012,11,force_india,46.0,0.0,8.0
943,2012,11,toro_rosso,6.0,0.0,9.0
944,2012,11,caterham,0.0,0.0,10.0
945,2012,11,marussia,0.0,0.0,11.0
946,2012,11,hrt,0.0,0.0,12.0
947,2012,12,red_bull,246.0,3.0,1.0
948,2012,12,mclaren,193.0,3.0,2.0
949,2012,12,lotus_f1,192.0,0.0,3.0
950,2012,12,ferrari,189.0,3.0,4.0
951,2012,12,mercedes,106.0,1.0,5.0
952,2012,12,sauber,80.0,0.0,6.0
953,2012,12,force_india,46.0,0.0,8.0
954,2012,12,williams,53.0,1.0,7.0
955,2012,12,toro_rosso,6.0,0.0,9.0
956,2012,12,caterham,0.0,0.0,10.0
957,2012,12,marussia,0.0,0.0,11.0
958,2012,12,hrt,0.0,0.0,12.0
959,2012,13,red_bull,272.0,3.0,1.0
960,2012,13,mclaren,218.0,4.0,2.0
961,2012,13,ferrari,199.0,3.0,4.0
962,2012,13,lotus_f1,207.0,0.0,3.0
963,2012,13,mercedes,112.0,1.0,5.0
964,2012,13,sauber,80.0,0.0,6.0
965,2012,13,force_india,59.0,0.0,7.0
966,2012,13,williams,53.0,1.0,8.0
967,2012,13,toro_rosso,12.0,0.0,9.0
968,2012,13,caterham,0.0,0.0,10.0
969,2012,13,marussia,0.0,0.0,11.0
970,2012,13,hrt,0.0,0.0,12.0
971,2012,14,red_bull,272.0,3.0,1.0
972,2012,14,mclaren,243.0,5.0,2.0
973,2012,14,ferrari,226.0,3.0,3.0
974,2012,14,lotus_f1,217.0,0.0,4.0
975,2012,14,mercedes,126.0,1.0,5.0
976,2012,14,sauber,100.0,0.0,6.0
977,2012,14,force_india,63.0,0.0,7.0
978,2012,14,williams,54.0,1.0,8.0
979,2012,14,toro_rosso,12.0,0.0,9.0
980,2012,14,marussia,0.0,0.0,11.0
981,2012,14,caterham,0.0,0.0,10.0
982,2012,14,hrt,0.0,0.0,12.0
983,2012,15,red_bull,297.0,4.0,1.0
984,2012,15,mclaren,261.0,5.0,2.0
985,2012,15,ferrari,245.0,3.0,3.0
986,2012,15,lotus_f1,231.0,0.0,4.0
987,2012,15,mercedes,136.0,1.0,5.0
988,2012,15,sauber,101.0,0.0,6.0
989,2012,15,force_india,75.0,0.0,7.0
990,2012,15,williams,54.0,1.0,8.0
991,2012,15,toro_rosso,14.0,0.0,9.0
992,2012,15,marussia,0.0,0.0,10.0
993,2012,15,caterham,0.0,0.0,11.0
994,2012,15,hrt,0.0,0.0,12.0
995,2012,16,red_bull,324.0,5.0,1.0
996,2012,16,ferrari,263.0,3.0,3.0
997,2012,16,mclaren,283.0,5.0,2.0
998,2012,16,lotus_f1,239.0,0.0,4.0
999,2012,16,mercedes,136.0,1.0,5.0
1000,2012,16,sauber,116.0,0.0,6.0
1001,2012,16,force_india,81.0,0.0,7.0
1002,2012,16,williams,58.0,1.0,8.0
1003,2012,16,toro_rosso,15.0,0.0,9.0
1004,2012,16,marussia,0.0,0.0,10.0
1005,2012,16,caterham,0.0,0.0,11.0
1006,2012,16,hrt,0.0,0.0,12.0
1007,2012,17,red_bull,367.0,6.0,1.0
1008,2012,17,ferrari,290.0,3.0,2.0
1009,2012,17,mclaren,284.0,5.0,3.0
1010,2012,17,lotus_f1,255.0,0.0,4.0
1011,2012,17,mercedes,136.0,1.0,5.0
1012,2012,17,sauber,116.0,0.0,6.0
1013,2012,17,force_india,89.0,0.0,7.0
1014,2012,17,williams,58.0,1.0,8.0
1015,2012,17,toro_rosso,21.0,0.0,9.0
1016,2012,17,marussia,0.0,0.0,10.0
1017,2012,17,caterham,0.0,0.0,11.0
1018,2012,17,hrt,0.0,0.0,12.0
1019,2012,18,red_bull,407.0,7.0,1.0
1020,2012,18,ferrari,316.0,3.0,2.0
1021,2012,18,mclaren,306.0,5.0,3.0
1022,2012,18,lotus_f1,263.0,0.0,4.0
1023,2012,18,mercedes,136.0,1.0,5.0
1024,2012,18,sauber,116.0,0.0,6.0
1025,2012,18,force_india,93.0,0.0,7.0
1026,2012,18,williams,59.0,1.0,8.0
1027,2012,18,toro_rosso,21.0,0.0,9.0
1028,2012,18,marussia,0.0,0.0,10.0
1029,2012,18,caterham,0.0,0.0,11.0
1030,2012,18,hrt,0.0,0.0,12.0
1031,2012,19,red_bull,422.0,7.0,1.0
1032,2012,19,ferrari,340.0,3.0,2.0
1033,2012,19,mclaren,318.0,5.0,3.0
1034,2012,19,lotus_f1,288.0,1.0,4.0
1035,2012,19,mercedes,136.0,1.0,5.0
1036,2012,19,sauber,124.0,0.0,6.0
1037,2012,19,force_india,95.0,0.0,7.0
1038,2012,19,williams,73.0,1.0,8.0
1039,2012,19,toro_rosso,22.0,0.0,9.0
1040,2012,19,marussia,0.0,0.0,10.0
1041,2012,19,caterham,0.0,0.0,11.0
1042,2012,19,hrt,0.0,0.0,12.0
1043,2012,20,red_bull,440.0,7.0,1.0
1044,2012,20,ferrari,367.0,3.0,2.0
1045,2012,20,mclaren,353.0,6.0,3.0
1046,2012,20,lotus_f1,302.0,1.0,4.0
1047,2012,20,mercedes,136.0,1.0,5.0
1048,2012,20,sauber,124.0,0.0,6.0
1049,2012,20,force_india,99.0,0.0,7.0
1050,2012,20,williams,76.0,1.0,8.0
1051,2012,20,toro_rosso,22.0,0.0,9.0
1052,2012,20,caterham,0.0,0.0,11.0
1053,2012,20,marussia,0.0,0.0,10.0
1054,2012,20,hrt,0.0,0.0,12.0
1055,2013,1,ferrari,0.0,0.0,0.0
1056,2013,1,lotus_f1,0.0,0.0,0.0
1057,2013,1,red_bull,0.0,0.0,0.0
1058,2013,1,mercedes,0.0,0.0,0.0
1059,2013,1,force_india,0.0,0.0,0.0
1060,2013,1,mclaren,0.0,0.0,0.0
1061,2013,1,toro_rosso,0.0,0.0,0.0
1062,2013,1,sauber,0.0,0.0,0.0
1063,2013,1,williams,0.0,0.0,0.0
1064,2013,1,marussia,0.0,0.0,0.0
1065,2013,1,caterham,0.0,0.0,0.0
1066,2013,2,red_bull,23.0,0.0,3.0
1067,2013,2,lotus_f1,26.0,1.0,2.0
1068,2013,2,ferrari,30.0,0.0,1.0
1069,2013,2,mercedes,10.0,0.0,4.0
1070,2013,2,force_india,10.0,0.0,5.0
1071,2013,2,sauber,0.0,0.0,8.0
1072,2013,2,mclaren,2.0,0.0,6.0
1073,2013,2,toro_rosso,0.0,0.0,7.0
1074,2013,2,williams,0.0,0.0,9.0
1075,2013,2,marussia,0.0,0.0,10.0
1076,2013,2,caterham,0.0,0.0,11.0
1077,2013,3,red_bull,66.0,1.0,1.0
1078,2013,3,ferrari,40.0,0.0,3.0
1079,2013,3,lotus_f1,40.0,1.0,2.0
1080,2013,3,mercedes,37.0,0.0,4.0
1081,2013,3,mclaren,4.0,0.0,7.0
1082,2013,3,force_india,10.0,0.0,5.0
1083,2013,3,toro_rosso,1.0,0.0,8.0
1084,2013,3,sauber,4.0,0.0,6.0
1085,2013,3,williams,0.0,0.0,9.0
1086,2013,3,marussia,0.0,0.0,10.0
1087,2013,3,caterham,0.0,0.0,11.0
1088,2013,4,red_bull,78.0,1.0,1.0
1089,2013,4,lotus_f1,60.0,1.0,3.0
1090,2013,4,ferrari,73.0,1.0,2.0
1091,2013,4,mercedes,52.0,0.0,4.0
1092,2013,4,force_india,14.0,0.0,6.0
1093,2013,4,mclaren,14.0,0.0,5.0
1094,2013,4,toro_rosso,7.0,0.0,7.0
1095,2013,4,sauber,5.0,0.0,8.0
1096,2013,4,williams,0.0,0.0,9.0
1097,2013,4,marussia,0.0,0.0,10.0
1098,2013,4,caterham,0.0,0.0,11.0
1099,2013,5,red_bull,109.0,2.0,1.0
1100,2013,5,ferrari,77.0,1.0,3.0
1101,2013,5,lotus_f1,93.0,1.0,2.0
1102,2013,5,mercedes,64.0,0.0,4.0
1103,2013,5,force_india,26.0,0.0,5.0
1104,2013,5,mclaren,23.0,0.0,6.0
1105,2013,5,toro_rosso,7.0,0.0,7.0
1106,2013,5,sauber,5.0,0.0,8.0
1107,2013,5,williams,0.0,0.0,9.0
1108,2013,5,marussia,0.0,0.0,10.0
1109,2013,5,caterham,0.0,0.0,11.0
1110,2013,6,red_bull,131.0,2.0,1.0
1111,2013,6,ferrari,117.0,2.0,2.0
1112,2013,6,lotus_f1,111.0,1.0,3.0
1113,2013,6,mercedes,72.0,0.0,4.0
1114,2013,6,force_india,32.0,0.0,5.0
1115,2013,6,mclaren,29.0,0.0,6.0
1116,2013,6,toro_rosso,8.0,0.0,7.0
1117,2013,6,sauber,5.0,0.0,8.0
1118,2013,6,williams,0.0,0.0,9.0
1119,2013,6,marussia,0.0,0.0,10.0
1120,2013,6,caterham,0.0,0.0,11.0
1121,2013,7,red_bull,164.0,2.0,1.0
1122,2013,7,ferrari,123.0,2.0,2.0
1123,2013,7,mercedes,109.0,1.0,4.0
1124,2013,7,lotus_f1,112.0,1.0,3.0
1125,2013,7,force_india,44.0,0.0,5.0
1126,2013,7,mclaren,37.0,0.0,6.0
1127,2013,7,toro_rosso,12.0,0.0,7.0
1128,2013,7,sauber,5.0,0.0,8.0
1129,2013,7,williams,0.0,0.0,9.0
1130,2013,7,marussia,0.0,0.0,10.0
1131,2013,7,caterham,0.0,0.0,11.0
1132,2013,8,red_bull,201.0,3.0,1.0
1133,2013,8,mercedes,134.0,1.0,3.0
1134,2013,8,ferrari,145.0,2.0,2.0
1135,2013,8,lotus_f1,114.0,1.0,4.0
1136,2013,8,force_india,51.0,0.0,5.0
1137,2013,8,mclaren,37.0,0.0,6.0
1138,2013,8,toro_rosso,20.0,0.0,7.0
1139,2013,8,sauber,5.0,0.0,8.0
1140,2013,8,williams,0.0,0.0,9.0
1141,2013,8,marussia,0.0,0.0,10.0
1142,2013,8,caterham,0.0,0.0,11.0
1143,2013,9,red_bull,219.0,3.0,1.0
1144,2013,9,mercedes,171.0,2.0,2.0
1145,2013,9,ferrari,168.0,2.0,3.0
1146,2013,9,lotus_f1,124.0,1.0,4.0
1147,2013,9,force_india,59.0,0.0,5.0
1148,2013,9,mclaren,37.0,0.0,6.0
1149,2013,9,toro_rosso,24.0,0.0,7.0
1150,2013,9,sauber,6.0,0.0,8.0
1151,2013,9,williams,0.0,0.0,9.0
1152,2013,9,marussia,0.0,0.0,10.0
1153,2013,9,caterham,0.0,0.0,11.0
1154,2013,10,red_bull,250.0,4.0,1.0
1155,2013,10,mercedes,183.0,2.0,2.0
1156,2013,10,ferrari,180.0,2.0,3.0
1157,2013,10,lotus_f1,157.0,1.0,4.0
1158,2013,10,force_india,59.0,0.0,5.0
1159,2013,10,mclaren,49.0,0.0,6.0
1160,2013,10,toro_rosso,24.0,0.0,7.0
1161,2013,10,sauber,7.0,0.0,8.0
1162,2013,10,williams,0.0,0.0,9.0
1163,2013,10,marussia,0.0,0.0,10.0
1164,2013,10,caterham,0.0,0.0,11.0
1165,2013,11,red_bull,277.0,4.0,1.0
1166,2013,11,mercedes,208.0,3.0,2.0
1167,2013,11,ferrari,194.0,2.0,3.0
1168,2013,11,lotus_f1,183.0,1.0,4.0
1169,2013,11,mclaren,57.0,0.0,6.0
1170,2013,11,force_india,59.0,0.0,5.0
1171,2013,11,toro_rosso,24.0,0.0,7.0
1172,2013,11,sauber,7.0,0.0,8.0
1173,2013,11,williams,1.0,0.0,9.0
1174,2013,11,marussia,0.0,0.0,10.0
1175,2013,11,caterham,0.0,0.0,11.0
1176,2013,12,red_bull,312.0,5.0,1.0
1177,2013,12,ferrari,218.0,2.0,3.0
1178,2013,12,mercedes,235.0,3.0,2.0
1179,2013,12,lotus_f1,187.0,1.0,4.0
1180,2013,12,mclaren,65.0,0.0,5.0
1181,2013,12,force_india,61.0,0.0,6.0
1182,2013,12,toro_rosso,25.0,0.0,7.0
1183,2013,12,sauber,7.0,0.0,8.0
1184,2013,12,williams,1.0,0.0,9.0
1185,2013,12,marussia,0.0,0.0,10.0
1186,2013,12,caterham,0.0,0.0,11.0
1187,2013,13,red_bull,352.0,6.0,1.0
1188,2013,13,ferrari,248.0,2.0,2.0
1189,2013,13,mercedes,245.0,3.0,3.0
1190,2013,13,lotus_f1,191.0,1.0,4.0
1191,2013,13,mclaren,66.0,0.0,5.0
1192,2013,13,force_india,61.0,0.0,6.0
1193,2013,13,toro_rosso,31.0,0.0,7.0
1194,2013,13,sauber,17.0,0.0,8.0
1195,2013,13,williams,1.0,0.0,9.0
1196,2013,13,marussia,0.0,0.0,10.0
1197,2013,13,caterham,0.0,0.0,11.0
1198,2013,14,red_bull,377.0,7.0,1.0
1199,2013,14,ferrari,274.0,2.0,2.0
1200,2013,14,mercedes,267.0,3.0,3.0
1201,2013,14,lotus_f1,206.0,1.0,4.0
1202,2013,14,mclaren,76.0,0.0,5.0
1203,2013,14,force_india,62.0,0.0,6.0
1204,2013,14,sauber,19.0,0.0,8.0
1205,2013,14,toro_rosso,31.0,0.0,7.0
1206,2013,14,williams,1.0,0.0,9.0
1207,2013,14,marussia,0.0,0.0,10.0
1208,2013,14,caterham,0.0,0.0,11.0
1209,2013,15,red_bull,402.0,8.0,1.0
1210,2013,15,ferrari,284.0,2.0,2.0
1211,2013,15,mercedes,283.0,3.0,3.0
1212,2013,15,lotus_f1,239.0,1.0,4.0
1213,2013,15,mclaren,81.0,0.0,5.0
1214,2013,15,force_india,62.0,0.0,6.0
1215,2013,15,sauber,31.0,0.0,7.0
1216,2013,15,toro_rosso,31.0,0.0,8.0
1217,2013,15,williams,1.0,0.0,9.0
1218,2013,15,marussia,0.0,0.0,10.0
1219,2013,15,caterham,0.0,0.0,11.0
1220,2013,16,red_bull,445.0,9.0,1.0
1221,2013,16,mercedes,287.0,3.0,3.0
1222,2013,16,ferrari,297.0,2.0,2.0
1223,2013,16,lotus_f1,264.0,1.0,4.0
1224,2013,16,mclaren,83.0,0.0,5.0
1225,2013,16,force_india,62.0,0.0,6.0
1226,2013,16,sauber,45.0,0.0,7.0
1227,2013,16,toro_rosso,31.0,0.0,8.0
1228,2013,16,williams,1.0,0.0,9.0
1229,2013,16,marussia,0.0,0.0,10.0
1230,2013,16,caterham,0.0,0.0,11.0
1231,2013,17,red_bull,470.0,10.0,1.0
1232,2013,17,mercedes,313.0,3.0,2.0
1233,2013,17,ferrari,309.0,2.0,3.0
1234,2013,17,lotus_f1,285.0,1.0,4.0
1235,2013,17,mclaren,93.0,0.0,5.0
1236,2013,17,force_india,68.0,0.0,6.0
1237,2013,17,sauber,45.0,0.0,7.0
1238,2013,17,toro_rosso,32.0,0.0,8.0
1239,2013,17,williams,1.0,0.0,9.0
1240,2013,17,marussia,0.0,0.0,10.0
1241,2013,17,caterham,0.0,0.0,11.0
1242,2013,18,red_bull,513.0,11.0,1.0
1243,2013,18,mercedes,334.0,3.0,2.0
1244,2013,18,ferrari,323.0,2.0,3.0
1245,2013,18,lotus_f1,297.0,1.0,4.0
1246,2013,18,mclaren,95.0,0.0,5.0
1247,2013,18,force_india,77.0,0.0,6.0
1248,2013,18,sauber,45.0,0.0,7.0
1249,2013,18,toro_rosso,32.0,0.0,8.0
1250,2013,18,williams,1.0,0.0,9.0
1251,2013,18,marussia,0.0,0.0,10.0
1252,2013,18,caterham,0.0,0.0,11.0
1253,2013,19,red_bull,553.0,12.0,1.0
1254,2013,19,mercedes,348.0,3.0,2.0
1255,2013,19,ferrari,333.0,2.0,3.0
1256,2013,19,lotus_f1,315.0,1.0,4.0
1257,2013,19,mclaren,102.0,0.0,5.0
1258,2013,19,force_india,77.0,0.0,6.0
1259,2013,19,sauber,53.0,0.0,7.0
1260,2013,19,toro_rosso,32.0,0.0,8.0
1261,2013,19,williams,5.0,0.0,9.0
1262,2013,19,marussia,0.0,0.0,10.0
1263,2013,19,caterham,0.0,0.0,11.0
1264,2014,1,mclaren,0.0,0.0,0.0
1265,2014,1,mercedes,0.0,0.0,0.0
1266,2014,1,ferrari,0.0,0.0,0.0
1267,2014,1,williams,0.0,0.0,0.0
1268,2014,1,force_india,0.0,0.0,0.0
1269,2014,1,toro_rosso,0.0,0.0,0.0
1270,2014,1,sauber,0.0,0.0,0.0
1271,2014,1,marussia,0.0,0.0,0.0
1272,2014,1,lotus_f1,0.0,0.0,0.0
1273,2014,1,caterham,0.0,0.0,0.0
1274,2014,1,red_bull,0.0,0.0,0.0
1275,2014,2,mercedes,25.0,1.0,2.0
1276,2014,2,mclaren,33.0,0.0,1.0
1277,2014,2,ferrari,18.0,0.0,3.0
1278,2014,2,williams,10.0,0.0,4.0
1279,2014,2,force_india,9.0,0.0,5.0
1280,2014,2,red_bull,0.0,0.0,11.0
1281,2014,2,toro_rosso,6.0,0.0,6.0
1282,2014,2,sauber,0.0,0.0,7.0
1283,2014,2,lotus_f1,0.0,0.0,9.0
1284,2014,2,caterham,0.0,0.0,10.0
1285,2014,2,marussia,0.0,0.0,8.0
1286,2014,3,mercedes,68.0,2.0,1.0
1287,2014,3,force_india,19.0,0.0,5.0
1288,2014,3,mclaren,43.0,0.0,2.0
1289,2014,3,red_bull,15.0,0.0,6.0
1290,2014,3,ferrari,30.0,0.0,3.0
1291,2014,3,williams,20.0,0.0,4.0
1292,2014,3,toro_rosso,7.0,0.0,7.0
1293,2014,3,lotus_f1,0.0,0.0,9.0
1294,2014,3,sauber,0.0,0.0,8.0
1295,2014,3,marussia,0.0,0.0,11.0
1296,2014,3,caterham,0.0,0.0,10.0
1297,2014,4,mercedes,111.0,3.0,1.0
1298,2014,4,red_bull,35.0,0.0,4.0
1299,2014,4,force_india,44.0,0.0,2.0
1300,2014,4,ferrari,33.0,0.0,5.0
1301,2014,4,mclaren,43.0,0.0,3.0
1302,2014,4,williams,30.0,0.0,6.0
1303,2014,4,toro_rosso,7.0,0.0,7.0
1304,2014,4,lotus_f1,0.0,0.0,8.0
1305,2014,4,sauber,0.0,0.0,9.0
1306,2014,4,marussia,0.0,0.0,10.0
1307,2014,4,caterham,0.0,0.0,11.0
1308,2014,5,mercedes,154.0,4.0,1.0
1309,2014,5,red_bull,57.0,0.0,2.0
1310,2014,5,ferrari,52.0,0.0,4.0
1311,2014,5,force_india,54.0,0.0,3.0
1312,2014,5,williams,36.0,0.0,6.0
1313,2014,5,mclaren,43.0,0.0,5.0
1314,2014,5,toro_rosso,8.0,0.0,7.0
1315,2014,5,lotus_f1,0.0,0.0,8.0
1316,2014,5,sauber,0.0,0.0,9.0
1317,2014,5,marussia,0.0,0.0,10.0
1318,2014,5,caterham,0.0,0.0,11.0
1319,2014,6,mercedes,197.0,5.0,1.0
1320,2014,6,red_bull,84.0,0.0,2.0
1321,2014,6,ferrari,66.0,0.0,3.0
1322,2014,6,force_india,57.0,0.0,4.0
1323,2014,6,mclaren,43.0,0.0,6.0
1324,2014,6,williams,46.0,0.0,5.0
1325,2014,6,lotus_f1,4.0,0.0,8.0
1326,2014,6,toro_rosso,8.0,0.0,7.0
1327,2014,6,marussia,0.0,0.0,10.0
1328,2014,6,sauber,0.0,0.0,9.0
1329,2014,6,caterham,0.0,0.0,11.0
1330,2014,7,mercedes,240.0,6.0,1.0
1331,2014,7,red_bull,99.0,0.0,2.0
1332,2014,7,ferrari,78.0,0.0,3.0
1333,2014,7,force_india,67.0,0.0,4.0
1334,2014,7,mclaren,52.0,0.0,5.0
1335,2014,7,williams,52.0,0.0,6.0
1336,2014,7,toro_rosso,8.0,0.0,8.0
1337,2014,7,lotus_f1,8.0,0.0,7.0
1338,2014,7,marussia,2.0,0.0,9.0
1339,2014,7,sauber,0.0,0.0,10.0
1340,2014,7,caterham,0.0,0.0,11.0
1341,2014,8,mercedes,258.0,6.0,1.0
1342,2014,8,red_bull,139.0,1.0,2.0
1343,2014,8,ferrari,87.0,0.0,3.0
1344,2014,8,force_india,77.0,0.0,4.0
1345,2014,8,williams,58.0,0.0,6.0
1346,2014,8,mclaren,66.0,0.0,5.0
1347,2014,8,toro_rosso,12.0,0.0,7.0
1348,2014,8,lotus_f1,8.0,0.0,8.0
1349,2014,8,marussia,2.0,0.0,9.0
1350,2014,8,sauber,0.0,0.0,10.0
1351,2014,8,caterham,0.0,0.0,11.0
1352,2014,9,mercedes,301.0,7.0,1.0
1353,2014,9,red_bull,143.0,1.0,2.0
1354,2014,9,ferrari,98.0,0.0,3.0
1355,2014,9,williams,85.0,0.0,5.0
1356,2014,9,force_india,87.0,0.0,4.0
1357,2014,9,mclaren,72.0,0.0,6.0
1358,2014,9,toro_rosso,12.0,0.0,7.0
1359,2014,9,lotus_f1,8.0,0.0,8.0
1360,2014,9,marussia,2.0,0.0,9.0
1361,2014,9,sauber,0.0,0.0,10.0
1362,2014,9,caterham,0.0,0.0,11.0
1363,2014,10,mercedes,326.0,8.0,1.0
1364,2014,10,red_bull,168.0,1.0,2.0
1365,2014,10,williams,103.0,0.0,4.0
1366,2014,10,ferrari,106.0,0.0,3.0
1367,2014,10,force_india,91.0,0.0,5.0
1368,2014,10,mclaren,90.0,0.0,6.0
1369,2014,10,toro_rosso,15.0,0.0,7.0
1370,2014,10,lotus_f1,8.0,0.0,8.0
1371,2014,10,marussia,2.0,0.0,9.0
1372,2014,10,sauber,0.0,0.0,10.0
1373,2014,10,caterham,0.0,0.0,11.0
1374,2014,11,mercedes,366.0,9.0,1.0
1375,2014,11,red_bull,188.0,1.0,2.0
1376,2014,11,ferrari,116.0,0.0,4.0
1377,2014,11,williams,121.0,0.0,3.0
1378,2014,11,force_india,98.0,0.0,5.0
1379,2014,11,mclaren,96.0,0.0,6.0
1380,2014,11,toro_rosso,15.0,0.0,7.0
1381,2014,11,lotus_f1,8.0,0.0,8.0
1382,2014,11,marussia,2.0,0.0,9.0
1383,2014,11,sauber,0.0,0.0,10.0
1384,2014,11,caterham,0.0,0.0,11.0
1385,2014,12,mercedes,393.0,9.0,1.0
1386,2014,12,red_bull,219.0,2.0,2.0
1387,2014,12,ferrari,142.0,0.0,3.0
1388,2014,12,williams,135.0,0.0,4.0
1389,2014,12,mclaren,97.0,0.0,6.0
1390,2014,12,force_india,98.0,0.0,5.0
1391,2014,12,toro_rosso,17.0,0.0,7.0
1392,2014,12,lotus_f1,8.0,0.0,8.0
1393,2014,12,marussia,2.0,0.0,9.0
1394,2014,12,sauber,0.0,0.0,10.0
1395,2014,12,caterham,0.0,0.0,11.0
1396,2014,13,mercedes,411.0,9.0,1.0
1397,2014,13,red_bull,254.0,3.0,2.0
1398,2014,13,williams,150.0,0.0,4.0
1399,2014,13,ferrari,160.0,0.0,3.0
1400,2014,13,mclaren,105.0,0.0,5.0
1401,2014,13,force_india,103.0,0.0,6.0
1402,2014,13,toro_rosso,19.0,0.0,7.0
1403,2014,13,lotus_f1,8.0,0.0,8.0
1404,2014,13,marussia,2.0,0.0,9.0
1405,2014,13,sauber,0.0,0.0,10.0
1406,2014,13,caterham,0.0,0.0,11.0
1407,2014,14,mercedes,454.0,10.0,1.0
1408,2014,14,red_bull,272.0,3.0,2.0
1409,2014,14,williams,177.0,0.0,3.0
1410,2014,14,ferrari,162.0,0.0,4.0
1411,2014,14,force_india,109.0,0.0,6.0
1412,2014,14,mclaren,110.0,0.0,5.0
1413,2014,14,toro_rosso,19.0,0.0,7.0
1414,2014,14,lotus_f1,8.0,0.0,8.0
1415,2014,14,marussia,2.0,0.0,9.0
1416,2014,14,sauber,0.0,0.0,10.0
1417,2014,14,caterham,0.0,0.0,11.0
1418,2014,15,mercedes,479.0,11.0,1.0
1419,2014,15,red_bull,305.0,3.0,2.0
1420,2014,15,williams,187.0,0.0,3.0
1421,2014,15,ferrari,178.0,0.0,4.0
1422,2014,15,force_india,117.0,0.0,5.0
1423,2014,15,mclaren,111.0,0.0,6.0
1424,2014,15,toro_rosso,27.0,0.0,7.0
1425,2014,15,lotus_f1,8.0,0.0,8.0
1426,2014,15,marussia,2.0,0.0,9.0
1427,2014,15,sauber,0.0,0.0,10.0
1428,2014,15,caterham,0.0,0.0,11.0
1429,2014,16,mercedes,522.0,12.0,1.0
1430,2014,16,red_bull,332.0,3.0,2.0
1431,2014,16,williams,201.0,0.0,3.0
1432,2014,16,ferrari,178.0,0.0,4.0
1433,2014,16,mclaren,121.0,0.0,6.0
1434,2014,16,force_india,122.0,0.0,5.0
1435,2014,16,toro_rosso,29.0,0.0,7.0
1436,2014,16,lotus_f1,8.0,0.0,8.0
1437,2014,16,marussia,2.0,0.0,9.0
1438,2014,16,sauber,0.0,0.0,10.0
1439,2014,16,caterham,0.0,0.0,11.0
1440,2014,17,mercedes,565.0,13.0,1.0
1441,2014,17,red_bull,342.0,3.0,2.0
1442,2014,17,williams,216.0,0.0,3.0
1443,2014,17,ferrari,188.0,0.0,4.0
1444,2014,17,mclaren,143.0,0.0,5.0
1445,2014,17,force_india,123.0,0.0,6.0
1446,2014,17,toro_rosso,29.0,0.0,7.0
1447,2014,17,lotus_f1,8.0,0.0,8.0
1448,2014,17,marussia,2.0,0.0,9.0
1449,2014,17,sauber,0.0,0.0,10.0
1450,2014,17,caterham,0.0,0.0,11.0
1451,2014,18,mercedes,608.0,14.0,1.0
1452,2014,18,red_bull,363.0,3.0,2.0
1453,2014,18,williams,238.0,0.0,3.0
1454,2014,18,ferrari,196.0,0.0,4.0
1455,2014,18,mclaren,147.0,0.0,5.0
1456,2014,18,force_india,123.0,0.0,6.0
1457,2014,18,toro_rosso,30.0,0.0,7.0
1458,2014,18,lotus_f1,10.0,0.0,8.0
1459,2014,18,marussia,2.0,0.0,9.0
1460,2014,18,sauber,0.0,0.0,10.0
1461,2014,18,caterham,0.0,0.0,11.0
1462,2014,19,mercedes,651.0,15.0,1.0
1463,2014,19,red_bull,373.0,3.0,2.0
1464,2014,19,williams,254.0,0.0,3.0
1465,2014,19,ferrari,210.0,0.0,4.0
1466,2014,19,mclaren,161.0,0.0,5.0
1467,2014,19,force_india,127.0,0.0,6.0
1468,2014,19,toro_rosso,30.0,0.0,7.0
1469,2014,19,lotus_f1,10.0,0.0,8.0
1470,2014,19,marussia,2.0,0.0,9.0
1471,2014,19,sauber,0.0,0.0,10.0
1472,2014,19,caterham,0.0,0.0,11.0
1473,2015,1,mercedes,0.0,0.0,0.0
1474,2015,1,ferrari,0.0,0.0,0.0
1475,2015,1,sauber,0.0,0.0,0.0
1476,2015,1,williams,0.0,0.0,0.0
1477,2015,1,red_bull,0.0,0.0,0.0
1478,2015,1,force_india,0.0,0.0,0.0
1479,2015,1,toro_rosso,0.0,0.0,0.0
1480,2015,1,mclaren,0.0,0.0,0.0
1481,2015,1,lotus_f1,0.0,0.0,0.0
1482,2015,2,mercedes,43.0,1.0,1.0
1483,2015,2,ferrari,15.0,0.0,2.0
1484,2015,2,williams,12.0,0.0,4.0
1485,2015,2,sauber,14.0,0.0,3.0
1486,2015,2,toro_rosso,2.0,0.0,7.0
1487,2015,2,red_bull,8.0,0.0,5.0
1488,2015,2,force_india,7.0,0.0,6.0
1489,2015,2,lotus_f1,0.0,0.0,9.0
1490,2015,2,mclaren,0.0,0.0,8.0
1491,2015,2,manor,0.0,0.0,0.0
1492,2015,3,mercedes,76.0,1.0,1.0
1493,2015,3,ferrari,52.0,1.0,2.0
1494,2015,3,williams,30.0,0.0,3.0
1495,2015,3,sauber,14.0,0.0,4.0
1496,2015,3,red_bull,11.0,0.0,6.0
1497,2015,3,toro_rosso,12.0,0.0,5.0
1498,2015,3,force_india,7.0,0.0,7.0
1499,2015,3,lotus_f1,0.0,0.0,8.0
1500,2015,3,mclaren,0.0,0.0,9.0
1501,2015,3,manor,0.0,0.0,10.0
1502,2015,4,mercedes,119.0,2.0,1.0
1503,2015,4,ferrari,79.0,1.0,2.0
1504,2015,4,williams,48.0,0.0,3.0
1505,2015,4,red_bull,13.0,0.0,5.0
1506,2015,4,sauber,19.0,0.0,4.0
1507,2015,4,lotus_f1,6.0,0.0,8.0
1508,2015,4,toro_rosso,12.0,0.0,6.0
1509,2015,4,force_india,7.0,0.0,7.0
1510,2015,4,mclaren,0.0,0.0,9.0
1511,2015,4,manor,0.0,0.0,10.0
1512,2015,5,mercedes,159.0,3.0,1.0
1513,2015,5,ferrari,107.0,1.0,2.0
1514,2015,5,williams,61.0,0.0,3.0
1515,2015,5,red_bull,23.0,0.0,4.0
1516,2015,5,sauber,19.0,0.0,5.0
1517,2015,5,lotus_f1,12.0,0.0,6.0
1518,2015,5,toro_rosso,12.0,0.0,7.0
1519,2015,5,force_india,11.0,0.0,8.0
1520,2015,5,mclaren,0.0,0.0,9.0
1521,2015,5,manor,0.0,0.0,10.0
1522,2015,6,mercedes,202.0,4.0,1.0
1523,2015,6,ferrari,132.0,1.0,2.0
1524,2015,6,williams,81.0,0.0,3.0
1525,2015,6,red_bull,30.0,0.0,4.0
1526,2015,6,sauber,19.0,0.0,5.0
1527,2015,6,force_india,11.0,0.0,8.0
1528,2015,6,lotus_f1,16.0,0.0,6.0
1529,2015,6,toro_rosso,14.0,0.0,7.0
1530,2015,6,mclaren,0.0,0.0,9.0
1531,2015,6,manor,0.0,0.0,10.0
1532,2015,7,mercedes,242.0,5.0,1.0
1533,2015,7,ferrari,158.0,1.0,2.0
1534,2015,7,williams,81.0,0.0,3.0
1535,2015,7,red_bull,52.0,0.0,4.0
1536,2015,7,lotus_f1,16.0,0.0,7.0
1537,2015,7,sauber,21.0,0.0,5.0
1538,2015,7,force_india,17.0,0.0,6.0
1539,2015,7,toro_rosso,15.0,0.0,8.0
1540,2015,7,mclaren,4.0,0.0,9.0
1541,2015,7,manor,0.0,0.0,10.0
1542,2015,8,mercedes,285.0,6.0,1.0
1543,2015,8,ferrari,180.0,1.0,2.0
1544,2015,8,williams,104.0,0.0,3.0
1545,2015,8,red_bull,54.0,0.0,4.0
1546,2015,8,force_india,21.0,0.0,7.0
1547,2015,8,lotus_f1,23.0,0.0,5.0
1548,2015,8,sauber,21.0,0.0,6.0
1549,2015,8,toro_rosso,15.0,0.0,8.0
1550,2015,8,mclaren,4.0,0.0,9.0
1551,2015,8,manor,0.0,0.0,10.0
1552,2015,9,mercedes,328.0,7.0,1.0
1553,2015,9,ferrari,192.0,1.0,2.0
1554,2015,9,williams,129.0,0.0,3.0
1555,2015,9,red_bull,55.0,0.0,4.0
1556,2015,9,force_india,31.0,0.0,5.0
1557,2015,9,lotus_f1,29.0,0.0,6.0
1558,2015,9,sauber,21.0,0.0,7.0
1559,2015,9,toro_rosso,19.0,0.0,8.0
1560,2015,9,mclaren,4.0,0.0,9.0
1561,2015,9,manor,0.0,0.0,10.0
1562,2015,10,mercedes,371.0,8.0,1.0
1563,2015,10,ferrari,211.0,1.0,2.0
1564,2015,10,williams,151.0,0.0,3.0
1565,2015,10,red_bull,63.0,0.0,4.0
1566,2015,10,force_india,39.0,0.0,5.0
1567,2015,10,lotus_f1,29.0,0.0,6.0
1568,2015,10,toro_rosso,19.0,0.0,8.0
1569,2015,10,sauber,21.0,0.0,7.0
1570,2015,10,mclaren,5.0,0.0,9.0
1571,2015,10,manor,0.0,0.0,10.0
1572,2015,11,mercedes,383.0,8.0,1.0
1573,2015,11,ferrari,236.0,2.0,2.0
1574,2015,11,williams,151.0,0.0,3.0
1575,2015,11,red_bull,96.0,0.0,4.0
1576,2015,11,lotus_f1,35.0,0.0,6.0
1577,2015,11,force_india,39.0,0.0,5.0
1578,2015,11,toro_rosso,31.0,0.0,7.0
1579,2015,11,sauber,22.0,0.0,8.0
1580,2015,11,mclaren,17.0,0.0,9.0
1581,2015,11,manor,0.0,0.0,10.0
1582,2015,12,mercedes,426.0,9.0,1.0
1583,2015,12,ferrari,242.0,2.0,2.0
1584,2015,12,williams,161.0,0.0,3.0
1585,2015,12,red_bull,108.0,0.0,4.0
1586,2015,12,force_india,49.0,0.0,6.0
1587,2015,12,lotus_f1,50.0,0.0,5.0
1588,2015,12,toro_rosso,35.0,0.0,7.0
1589,2015,12,sauber,23.0,0.0,8.0
1590,2015,12,mclaren,17.0,0.0,9.0
1591,2015,12,manor,0.0,0.0,10.0
1592,2015,13,mercedes,451.0,10.0,1.0
1593,2015,13,ferrari,270.0,2.0,2.0
1594,2015,13,williams,188.0,0.0,3.0
1595,2015,13,red_bull,113.0,0.0,4.0
1596,2015,13,force_india,63.0,0.0,5.0
1597,2015,13,lotus_f1,50.0,0.0,6.0
1598,2015,13,toro_rosso,35.0,0.0,7.0
1599,2015,13,sauber,25.0,0.0,8.0
1600,2015,13,mclaren,17.0,0.0,9.0
1601,2015,13,manor,0.0,0.0,10.0
1602,2015,14,mercedes,463.0,10.0,1.0
1603,2015,14,ferrari,310.0,3.0,2.0
1604,2015,14,williams,198.0,0.0,3.0
1605,2015,14,red_bull,139.0,0.0,4.0
1606,2015,14,force_india,69.0,0.0,5.0
1607,2015,14,lotus_f1,50.0,0.0,6.0
1608,2015,14,toro_rosso,41.0,0.0,7.0
1609,2015,14,sauber,26.0,0.0,8.0
1610,2015,14,mclaren,17.0,0.0,9.0
1611,2015,14,manor,0.0,0.0,10.0
1612,2015,15,mercedes,506.0,11.0,1.0
1613,2015,15,ferrari,337.0,3.0,2.0
1614,2015,15,williams,208.0,0.0,3.0
1615,2015,15,red_bull,139.0,0.0,4.0
1616,2015,15,force_india,77.0,0.0,5.0
1617,2015,15,lotus_f1,60.0,0.0,6.0
1618,2015,15,toro_rosso,44.0,0.0,7.0
1619,2015,15,sauber,26.0,0.0,8.0
1620,2015,15,mclaren,17.0,0.0,9.0
1621,2015,15,manor,0.0,0.0,10.0
1622,2015,16,mercedes,531.0,12.0,1.0
1623,2015,16,ferrari,359.0,3.0,2.0
1624,2015,16,williams,220.0,0.0,3.0
1625,2015,16,red_bull,149.0,0.0,4.0
1626,2015,16,force_india,92.0,0.0,5.0
1627,2015,16,lotus_f1,66.0,0.0,6.0
1628,2015,16,toro_rosso,45.0,0.0,7.0
1629,2015,16,sauber,34.0,0.0,8.0
1630,2015,16,mclaren,19.0,0.0,9.0
1631,2015,16,manor,0.0,0.0,10.0
1632,2015,17,mercedes,574.0,13.0,1.0
1633,2015,17,ferrari,374.0,3.0,2.0
1634,2015,17,williams,220.0,0.0,3.0
1635,2015,17,red_bull,150.0,0.0,4.0
1636,2015,17,force_india,102.0,0.0,5.0
1637,2015,17,lotus_f1,70.0,0.0,6.0
1638,2015,17,toro_rosso,63.0,0.0,7.0
1639,2015,17,sauber,36.0,0.0,8.0
1640,2015,17,mclaren,27.0,0.0,9.0
1641,2015,17,manor,0.0,0.0,10.0
1642,2015,18,mercedes,617.0,14.0,1.0
1643,2015,18,ferrari,374.0,3.0,2.0
1644,2015,18,williams,243.0,0.0,3.0
1645,2015,18,red_bull,172.0,0.0,4.0
1646,2015,18,force_india,112.0,0.0,5.0
1647,2015,18,lotus_f1,71.0,0.0,6.0
1648,2015,18,toro_rosso,65.0,0.0,7.0
1649,2015,18,sauber,36.0,0.0,8.0
1650,2015,18,mclaren,27.0,0.0,9.0
1651,2015,18,manor,0.0,0.0,10.0
1652,2015,19,mercedes,660.0,15.0,1.0
1653,2015,19,ferrari,401.0,3.0,2.0
1654,2015,19,williams,253.0,0.0,3.0
1655,2015,19,red_bull,178.0,0.0,4.0
1656,2015,19,force_india,120.0,0.0,5.0
1657,2015,19,lotus_f1,76.0,0.0,6.0
1658,2015,19,toro_rosso,67.0,0.0,7.0
1659,2015,19,sauber,36.0,0.0,8.0
1660,2015,19,mclaren,27.0,0.0,9.0
1661,2015,19,manor,0.0,0.0,10.0
1662,2016,1,mercedes,0.0,0.0,0.0
1663,2016,1,ferrari,0.0,0.0,0.0
1664,2016,1,williams,0.0,0.0,0.0
1665,2016,1,red_bull,0.0,0.0,0.0
1666,2016,1,haas,0.0,0.0,0.0
1667,2016,1,force_india,0.0,0.0,0.0
1668,2016,1,toro_rosso,0.0,0.0,0.0
1669,2016,1,renault,0.0,0.0,0.0
1670,2016,1,mclaren,0.0,0.0,0.0
1671,2016,1,sauber,0.0,0.0,0.0
1672,2016,1,manor,0.0,0.0,0.0
1673,2016,2,mercedes,43.0,1.0,1.0
1674,2016,2,ferrari,15.0,0.0,2.0
1675,2016,2,red_bull,12.0,0.0,4.0
1676,2016,2,williams,14.0,0.0,3.0
1677,2016,2,haas,8.0,0.0,5.0
1678,2016,2,toro_rosso,3.0,0.0,7.0
1679,2016,2,force_india,6.0,0.0,6.0
1680,2016,2,mclaren,0.0,0.0,9.0
1681,2016,2,renault,0.0,0.0,8.0
1682,2016,2,sauber,0.0,0.0,10.0
1683,2016,2,manor,0.0,0.0,11.0
1684,2016,3,mercedes,83.0,2.0,1.0
1685,2016,3,ferrari,33.0,0.0,2.0
1686,2016,3,red_bull,30.0,0.0,3.0
1687,2016,3,williams,20.0,0.0,4.0
1688,2016,3,haas,18.0,0.0,5.0
1689,2016,3,toro_rosso,11.0,0.0,6.0
1690,2016,3,force_india,6.0,0.0,7.0
1691,2016,3,mclaren,1.0,0.0,8.0
1692,2016,3,renault,0.0,0.0,9.0
1693,2016,3,sauber,0.0,0.0,10.0
1694,2016,3,manor,0.0,0.0,11.0
1695,2016,4,mercedes,114.0,3.0,1.0
1696,2016,4,ferrari,61.0,0.0,2.0
1697,2016,4,red_bull,57.0,0.0,3.0
1698,2016,4,williams,29.0,0.0,4.0
1699,2016,4,haas,18.0,0.0,5.0
1700,2016,4,toro_rosso,17.0,0.0,6.0
1701,2016,4,mclaren,1.0,0.0,8.0
1702,2016,4,force_india,6.0,0.0,7.0
1703,2016,4,renault,0.0,0.0,9.0
1704,2016,4,sauber,0.0,0.0,10.0
1705,2016,4,manor,0.0,0.0,11.0
1706,2016,5,mercedes,157.0,4.0,1.0
1707,2016,5,ferrari,76.0,0.0,2.0
1708,2016,5,red_bull,57.0,0.0,3.0
1709,2016,5,williams,51.0,0.0,4.0
1710,2016,5,toro_rosso,17.0,0.0,6.0
1711,2016,5,haas,22.0,0.0,5.0
1712,2016,5,force_india,8.0,0.0,8.0
1713,2016,5,mclaren,10.0,0.0,7.0
1714,2016,5,renault,6.0,0.0,9.0
1715,2016,5,sauber,0.0,0.0,10.0
1716,2016,5,manor,0.0,0.0,11.0
1717,2016,6,mercedes,157.0,4.0,1.0
1718,2016,6,ferrari,109.0,0.0,2.0
1719,2016,6,red_bull,94.0,1.0,3.0
1720,2016,6,williams,65.0,0.0,4.0
1721,2016,6,force_india,14.0,0.0,7.0
1722,2016,6,toro_rosso,26.0,0.0,5.0
1723,2016,6,mclaren,12.0,0.0,8.0
1724,2016,6,haas,22.0,0.0,6.0
1725,2016,6,renault,6.0,0.0,9.0
1726,2016,6,sauber,0.0,0.0,10.0
1727,2016,6,manor,0.0,0.0,11.0
1728,2016,7,mercedes,188.0,5.0,1.0
1729,2016,7,ferrari,121.0,0.0,2.0
1730,2016,7,red_bull,112.0,1.0,3.0
1731,2016,7,williams,66.0,0.0,4.0
1732,2016,7,force_india,37.0,0.0,5.0
1733,2016,7,toro_rosso,30.0,0.0,6.0
1734,2016,7,mclaren,24.0,0.0,7.0
1735,2016,7,haas,22.0,0.0,8.0
1736,2016,7,renault,6.0,0.0,9.0
1737,2016,7,sauber,0.0,0.0,10.0
1738,2016,7,manor,0.0,0.0,11.0
1739,2016,8,mercedes,223.0,6.0,1.0
1740,2016,8,ferrari,147.0,0.0,2.0
1741,2016,8,red_bull,130.0,1.0,3.0
1742,2016,8,williams,81.0,0.0,4.0
1743,2016,8,force_india,42.0,0.0,5.0
1744,2016,8,toro_rosso,32.0,0.0,6.0
1745,2016,8,mclaren,24.0,0.0,7.0
1746,2016,8,haas,22.0,0.0,8.0
1747,2016,8,renault,6.0,0.0,9.0
1748,2016,8,sauber,0.0,0.0,10.0
1749,2016,8,manor,0.0,0.0,11.0
1750,2016,9,mercedes,258.0,7.0,1.0
1751,2016,9,ferrari,177.0,0.0,2.0
1752,2016,9,red_bull,140.0,1.0,3.0
1753,2016,9,williams,90.0,0.0,4.0
1754,2016,9,force_india,59.0,0.0,5.0
1755,2016,9,toro_rosso,32.0,0.0,6.0
1756,2016,9,mclaren,24.0,0.0,7.0
1757,2016,9,haas,22.0,0.0,8.0
1758,2016,9,renault,6.0,0.0,9.0
1759,2016,9,manor,0.0,0.0,11.0
1760,2016,9,sauber,0.0,0.0,10.0
1761,2016,10,mercedes,295.0,8.0,1.0
1762,2016,10,ferrari,192.0,0.0,2.0
1763,2016,10,red_bull,168.0,1.0,3.0
1764,2016,10,williams,92.0,0.0,4.0
1765,2016,10,force_india,59.0,0.0,5.0
1766,2016,10,toro_rosso,36.0,0.0,6.0
1767,2016,10,mclaren,32.0,0.0,7.0
1768,2016,10,haas,28.0,0.0,8.0
1769,2016,10,renault,6.0,0.0,9.0
1770,2016,10,manor,1.0,0.0,10.0
1771,2016,10,sauber,0.0,0.0,11.0
1772,2016,11,mercedes,335.0,9.0,1.0
1773,2016,11,ferrari,204.0,0.0,2.0
1774,2016,11,red_bull,198.0,1.0,3.0
1775,2016,11,williams,92.0,0.0,4.0
1776,2016,11,force_india,73.0,0.0,5.0
1777,2016,11,toro_rosso,41.0,0.0,6.0
1778,2016,11,mclaren,32.0,0.0,7.0
1779,2016,11,haas,28.0,0.0,8.0
1780,2016,11,renault,6.0,0.0,9.0
1781,2016,11,manor,1.0,0.0,10.0
1782,2016,11,sauber,0.0,0.0,11.0
1783,2016,12,mercedes,378.0,10.0,1.0
1784,2016,12,red_bull,223.0,1.0,3.0
1785,2016,12,ferrari,224.0,0.0,2.0
1786,2016,12,williams,94.0,0.0,4.0
1787,2016,12,force_india,74.0,0.0,5.0
1788,2016,12,toro_rosso,45.0,0.0,6.0
1789,2016,12,mclaren,38.0,0.0,7.0
1790,2016,12,haas,28.0,0.0,8.0
1791,2016,12,renault,6.0,0.0,9.0
1792,2016,12,manor,1.0,0.0,10.0
1793,2016,12,sauber,0.0,0.0,11.0
1794,2016,13,mercedes,415.0,11.0,1.0
1795,2016,13,red_bull,256.0,1.0,2.0
1796,2016,13,ferrari,242.0,0.0,3.0
1797,2016,13,force_india,81.0,0.0,5.0
1798,2016,13,williams,96.0,0.0,4.0
1799,2016,13,mclaren,42.0,0.0,7.0
1800,2016,13,toro_rosso,45.0,0.0,6.0
1801,2016,13,haas,28.0,0.0,8.0
1802,2016,13,renault,6.0,0.0,9.0
1803,2016,13,manor,1.0,0.0,10.0
1804,2016,13,sauber,0.0,0.0,11.0
1805,2016,14,mercedes,455.0,12.0,1.0
1806,2016,14,red_bull,274.0,1.0,2.0
1807,2016,14,ferrari,252.0,0.0,3.0
1808,2016,14,williams,101.0,0.0,5.0
1809,2016,14,force_india,103.0,0.0,4.0
1810,2016,14,mclaren,48.0,0.0,6.0
1811,2016,14,toro_rosso,45.0,0.0,7.0
1812,2016,14,haas,28.0,0.0,8.0
1813,2016,14,renault,6.0,0.0,9.0
1814,2016,14,manor,1.0,0.0,10.0
1815,2016,14,sauber,0.0,0.0,11.0
1816,2016,15,mercedes,498.0,13.0,1.0
1817,2016,15,red_bull,290.0,1.0,2.0
1818,2016,15,ferrari,279.0,0.0,3.0
1819,2016,15,force_india,108.0,0.0,5.0
1820,2016,15,williams,111.0,0.0,4.0
1821,2016,15,mclaren,48.0,0.0,6.0
1822,2016,15,toro_rosso,45.0,0.0,7.0
1823,2016,15,haas,28.0,0.0,8.0
1824,2016,15,renault,6.0,0.0,9.0
1825,2016,15,manor,1.0,0.0,10.0
1826,2016,15,sauber,0.0,0.0,11.0
1827,2016,16,mercedes,538.0,14.0,1.0
1828,2016,16,red_bull,316.0,1.0,2.0
1829,2016,16,ferrari,301.0,0.0,3.0
1830,2016,16,force_india,112.0,0.0,4.0
1831,2016,16,williams,111.0,0.0,5.0
1832,2016,16,mclaren,54.0,0.0,6.0
1833,2016,16,toro_rosso,47.0,0.0,7.0
1834,2016,16,haas,28.0,0.0,8.0
1835,2016,16,renault,7.0,0.0,9.0
1836,2016,16,manor,1.0,0.0,10.0
1837,2016,16,sauber,0.0,0.0,11.0
1838,2016,17,mercedes,553.0,14.0,1.0
1839,2016,17,red_bull,359.0,2.0,2.0
1840,2016,17,ferrari,313.0,0.0,3.0
1841,2016,17,force_india,124.0,0.0,4.0
1842,2016,17,williams,121.0,0.0,5.0
1843,2016,17,mclaren,62.0,0.0,6.0
1844,2016,17,toro_rosso,47.0,0.0,7.0
1845,2016,17,haas,28.0,0.0,8.0
1846,2016,17,renault,8.0,0.0,9.0
1847,2016,17,manor,1.0,0.0,10.0
1848,2016,17,sauber,0.0,0.0,11.0
1849,2016,18,mercedes,593.0,15.0,1.0
1850,2016,18,red_bull,385.0,2.0,2.0
1851,2016,18,ferrari,335.0,0.0,3.0
1852,2016,18,force_india,134.0,0.0,4.0
1853,2016,18,williams,124.0,0.0,5.0
1854,2016,18,mclaren,62.0,0.0,6.0
1855,2016,18,toro_rosso,47.0,0.0,7.0
1856,2016,18,haas,28.0,0.0,8.0
1857,2016,18,renault,8.0,0.0,9.0
1858,2016,18,manor,1.0,0.0,10.0
1859,2016,18,sauber,0.0,0.0,11.0
1860,2016,19,mercedes,636.0,16.0,1.0
1861,2016,19,red_bull,400.0,2.0,2.0
1862,2016,19,ferrari,347.0,0.0,3.0
1863,2016,19,force_india,138.0,0.0,4.0
1864,2016,19,williams,130.0,0.0,5.0
1865,2016,19,mclaren,74.0,0.0,6.0
1866,2016,19,toro_rosso,55.0,0.0,7.0
1867,2016,19,haas,29.0,0.0,8.0
1868,2016,19,renault,8.0,0.0,9.0
1869,2016,19,manor,1.0,0.0,10.0
1870,2016,19,sauber,0.0,0.0,11.0
1871,2016,20,mercedes,679.0,17.0,1.0
1872,2016,20,red_bull,427.0,2.0,2.0
1873,2016,20,ferrari,365.0,0.0,3.0
1874,2016,20,force_india,145.0,0.0,4.0
1875,2016,20,williams,136.0,0.0,5.0
1876,2016,20,mclaren,74.0,0.0,6.0
1877,2016,20,toro_rosso,55.0,0.0,7.0
1878,2016,20,haas,29.0,0.0,8.0
1879,2016,20,renault,8.0,0.0,9.0
1880,2016,20,sauber,0.0,0.0,11.0
1881,2016,20,manor,1.0,0.0,10.0
1882,2016,21,mercedes,722.0,18.0,1.0
1883,2016,21,red_bull,446.0,2.0,2.0
1884,2016,21,ferrari,375.0,0.0,3.0
1885,2016,21,force_india,163.0,0.0,4.0
1886,2016,21,williams,136.0,0.0,5.0
1887,2016,21,mclaren,75.0,0.0,6.0
1888,2016,21,toro_rosso,63.0,0.0,7.0
1889,2016,21,haas,29.0,0.0,8.0
1890,2016,21,renault,8.0,0.0,9.0
1891,2016,21,sauber,2.0,0.0,10.0
1892,2016,21,manor,1.0,0.0,11.0
1893,2017,1,ferrari,0.0,0.0,0.0
1894,2017,1,mercedes,0.0,0.0,0.0
1895,2017,1,red_bull,0.0,0.0,0.0
1896,2017,1,williams,0.0,0.0,0.0
1897,2017,1,force_india,0.0,0.0,0.0
1898,2017,1,toro_rosso,0.0,0.0,0.0
1899,2017,1,renault,0.0,0.0,0.0
1900,2017,1,sauber,0.0,0.0,0.0
1901,2017,1,mclaren,0.0,0.0,0.0
1902,2017,1,haas,0.0,0.0,0.0
1903,2017,2,mercedes,33.0,0.0,2.0
1904,2017,2,ferrari,37.0,1.0,1.0
1905,2017,2,red_bull,10.0,0.0,3.0
1906,2017,2,toro_rosso,6.0,0.0,6.0
1907,2017,2,force_india,7.0,0.0,5.0
1908,2017,2,williams,8.0,0.0,4.0
1909,2017,2,haas,0.0,0.0,10.0
1910,2017,2,renault,0.0,0.0,7.0
1911,2017,2,sauber,0.0,0.0,8.0
1912,2017,2,mclaren,0.0,0.0,9.0
1913,2017,3,ferrari,65.0,1.0,2.0
1914,2017,3,mercedes,66.0,1.0,1.0
1915,2017,3,red_bull,37.0,0.0,3.0
1916,2017,3,force_india,10.0,0.0,5.0
1917,2017,3,williams,8.0,0.0,6.0
1918,2017,3,toro_rosso,12.0,0.0,4.0
1919,2017,3,haas,4.0,0.0,7.0
1920,2017,3,renault,0.0,0.0,8.0
1921,2017,3,sauber,0.0,0.0,9.0
1922,2017,3,mclaren,0.0,0.0,10.0
1923,2017,4,mercedes,99.0,1.0,2.0
1924,2017,4,ferrari,102.0,2.0,1.0
1925,2017,4,red_bull,47.0,0.0,3.0
1926,2017,4,force_india,17.0,0.0,4.0
1927,2017,4,williams,16.0,0.0,5.0
1928,2017,4,toro_rosso,12.0,0.0,6.0
1929,2017,4,haas,8.0,0.0,7.0
1930,2017,4,renault,2.0,0.0,8.0
1931,2017,4,sauber,0.0,0.0,9.0
1932,2017,4,mclaren,0.0,0.0,10.0
1933,2017,5,mercedes,136.0,2.0,1.0
1934,2017,5,ferrari,135.0,2.0,2.0
1935,2017,5,red_bull,57.0,0.0,3.0
1936,2017,5,force_india,31.0,0.0,4.0
1937,2017,5,toro_rosso,13.0,0.0,6.0
1938,2017,5,williams,18.0,0.0,5.0
1939,2017,5,renault,6.0,0.0,8.0
1940,2017,5,haas,8.0,0.0,7.0
1941,2017,5,sauber,0.0,0.0,9.0
1942,2017,5,mclaren,0.0,0.0,10.0
1943,2017,6,ferrari,153.0,2.0,2.0
1944,2017,6,mercedes,161.0,3.0,1.0
1945,2017,6,red_bull,72.0,0.0,3.0
1946,2017,6,force_india,53.0,0.0,4.0
1947,2017,6,toro_rosso,21.0,0.0,5.0
1948,2017,6,williams,18.0,0.0,6.0
1949,2017,6,renault,14.0,0.0,7.0
1950,2017,6,haas,9.0,0.0,8.0
1951,2017,6,sauber,4.0,0.0,9.0
1952,2017,6,mclaren,0.0,0.0,10.0
1953,2017,7,mercedes,179.0,3.0,2.0
1954,2017,7,ferrari,196.0,3.0,1.0
1955,2017,7,red_bull,97.0,0.0,3.0
1956,2017,7,force_india,53.0,0.0,4.0
1957,2017,7,toro_rosso,29.0,0.0,5.0
1958,2017,7,williams,20.0,0.0,6.0
1959,2017,7,renault,14.0,0.0,7.0
1960,2017,7,haas,14.0,0.0,8.0
1961,2017,7,sauber,4.0,0.0,9.0
1962,2017,7,mclaren,0.0,0.0,10.0
1963,2017,8,mercedes,222.0,4.0,1.0
1964,2017,8,ferrari,214.0,3.0,2.0
1965,2017,8,red_bull,112.0,0.0,3.0
1966,2017,8,force_india,71.0,0.0,4.0
1967,2017,8,williams,22.0,0.0,6.0
1968,2017,8,toro_rosso,29.0,0.0,5.0
1969,2017,8,haas,15.0,0.0,8.0
1970,2017,8,renault,18.0,0.0,7.0
1971,2017,8,sauber,4.0,0.0,9.0
1972,2017,8,mclaren,0.0,0.0,10.0
1973,2017,9,mercedes,250.0,4.0,1.0
1974,2017,9,ferrari,226.0,3.0,2.0
1975,2017,9,red_bull,137.0,1.0,3.0
1976,2017,9,force_india,79.0,0.0,4.0
1977,2017,9,williams,37.0,0.0,5.0
1978,2017,9,toro_rosso,33.0,0.0,6.0
1979,2017,9,haas,21.0,0.0,7.0
1980,2017,9,renault,18.0,0.0,8.0
1981,2017,9,sauber,5.0,0.0,9.0
1982,2017,9,mclaren,2.0,0.0,10.0
1983,2017,10,mercedes,287.0,5.0,1.0
1984,2017,10,ferrari,254.0,3.0,2.0
1985,2017,10,red_bull,152.0,1.0,3.0
1986,2017,10,force_india,89.0,0.0,4.0
1987,2017,10,williams,40.0,0.0,5.0
1988,2017,10,toro_rosso,33.0,0.0,6.0
1989,2017,10,haas,29.0,0.0,7.0
1990,2017,10,renault,18.0,0.0,8.0
1991,2017,10,sauber,5.0,0.0,9.0
1992,2017,10,mclaren,2.0,0.0,10.0
1993,2017,11,mercedes,330.0,6.0,1.0
1994,2017,11,ferrari,275.0,3.0,2.0
1995,2017,11,red_bull,174.0,1.0,3.0
1996,2017,11,force_india,95.0,0.0,4.0
1997,2017,11,williams,41.0,0.0,5.0
1998,2017,11,toro_rosso,33.0,0.0,6.0
1999,2017,11,haas,29.0,0.0,7.0
2000,2017,11,renault,26.0,0.0,8.0
2001,2017,11,mclaren,2.0,0.0,10.0
2002,2017,11,sauber,5.0,0.0,9.0
2003,2017,12,mercedes,357.0,6.0,1.0
2004,2017,12,ferrari,318.0,4.0,2.0
2005,2017,12,red_bull,184.0,1.0,3.0
2006,2017,12,force_india,101.0,0.0,4.0
2007,2017,12,williams,41.0,0.0,5.0
2008,2017,12,toro_rosso,39.0,0.0,6.0
2009,2017,12,haas,29.0,0.0,7.0
2010,2017,12,renault,26.0,0.0,8.0
2011,2017,12,mclaren,11.0,0.0,9.0
2012,2017,12,sauber,5.0,0.0,10.0
2013,2017,13,mercedes,392.0,7.0,1.0
2014,2017,13,ferrari,348.0,4.0,2.0
2015,2017,13,red_bull,199.0,1.0,3.0
2016,2017,13,force_india,103.0,0.0,4.0
2017,2017,13,williams,45.0,0.0,5.0
2018,2017,13,toro_rosso,40.0,0.0,6.0
2019,2017,13,haas,35.0,0.0,7.0
2020,2017,13,renault,34.0,0.0,8.0
2021,2017,13,mclaren,11.0,0.0,9.0
2022,2017,13,sauber,5.0,0.0,10.0
2023,2017,14,mercedes,435.0,8.0,1.0
2024,2017,14,ferrari,373.0,4.0,2.0
2025,2017,14,red_bull,212.0,1.0,3.0
2026,2017,14,force_india,113.0,0.0,4.0
2027,2017,14,williams,55.0,0.0,5.0
2028,2017,14,toro_rosso,40.0,0.0,6.0
2029,2017,14,renault,34.0,0.0,8.0
2030,2017,14,haas,35.0,0.0,7.0
2031,2017,14,mclaren,11.0,0.0,9.0
2032,2017,14,sauber,5.0,0.0,10.0
2033,2017,15,mercedes,475.0,9.0,1.0
2034,2017,15,ferrari,373.0,4.0,2.0
2035,2017,15,red_bull,230.0,1.0,3.0
2036,2017,15,force_india,124.0,0.0,4.0
2037,2017,15,williams,59.0,0.0,5.0
2038,2017,15,toro_rosso,52.0,0.0,6.0
2039,2017,15,renault,42.0,0.0,7.0
2040,2017,15,haas,37.0,0.0,8.0
2041,2017,15,mclaren,17.0,0.0,9.0
2042,2017,15,sauber,5.0,0.0,10.0
2043,2017,16,mercedes,503.0,9.0,1.0
2044,2017,16,ferrari,385.0,4.0,2.0
2045,2017,16,red_bull,270.0,2.0,3.0
2046,2017,16,force_india,133.0,0.0,4.0
2047,2017,16,williams,65.0,0.0,5.0
2048,2017,16,toro_rosso,52.0,0.0,6.0
2049,2017,16,haas,37.0,0.0,8.0
2050,2017,16,renault,42.0,0.0,7.0
2051,2017,16,mclaren,23.0,0.0,9.0
2052,2017,16,sauber,5.0,0.0,10.0
2053,2017,17,mercedes,540.0,10.0,1.0
2054,2017,17,ferrari,395.0,4.0,2.0
2055,2017,17,red_bull,303.0,2.0,3.0
2056,2017,17,force_india,147.0,0.0,4.0
2057,2017,17,williams,66.0,0.0,5.0
2058,2017,17,toro_rosso,52.0,0.0,6.0
2059,2017,17,renault,42.0,0.0,8.0
2060,2017,17,haas,43.0,0.0,7.0
2061,2017,17,mclaren,23.0,0.0,9.0
2062,2017,17,sauber,5.0,0.0,10.0
2063,2017,18,mercedes,575.0,11.0,1.0
2064,2017,18,ferrari,428.0,4.0,2.0
2065,2017,18,red_bull,315.0,2.0,3.0
2066,2017,18,force_india,159.0,0.0,4.0
2067,2017,18,williams,68.0,0.0,5.0
2068,2017,18,toro_rosso,53.0,0.0,6.0
2069,2017,18,renault,48.0,0.0,7.0
2070,2017,18,haas,43.0,0.0,8.0
2071,2017,18,mclaren,23.0,0.0,9.0
2072,2017,18,sauber,5.0,0.0,10.0
2073,2017,19,mercedes,595.0,11.0,1.0
2074,2017,19,ferrari,455.0,4.0,2.0
2075,2017,19,red_bull,340.0,3.0,3.0
2076,2017,19,force_india,175.0,0.0,4.0
2077,2017,19,williams,76.0,0.0,5.0
2078,2017,19,toro_rosso,53.0,0.0,6.0
2079,2017,19,renault,48.0,0.0,7.0
2080,2017,19,haas,47.0,0.0,8.0
2081,2017,19,mclaren,24.0,0.0,9.0
2082,2017,19,sauber,5.0,0.0,10.0
2083,2017,20,mercedes,625.0,11.0,1.0
2084,2017,20,ferrari,495.0,5.0,2.0
2085,2017,20,red_bull,358.0,3.0,3.0
2086,2017,20,force_india,177.0,0.0,4.0
2087,2017,20,williams,82.0,0.0,5.0
2088,2017,20,renault,49.0,0.0,7.0
2089,2017,20,toro_rosso,53.0,0.0,6.0
2090,2017,20,haas,47.0,0.0,8.0
2091,2017,20,mclaren,28.0,0.0,9.0
2092,2017,20,sauber,5.0,0.0,10.0
2093,2018,1,ferrari,0.0,0.0,0.0
2094,2018,1,mercedes,0.0,0.0,0.0
2095,2018,1,red_bull,0.0,0.0,0.0
2096,2018,1,mclaren,0.0,0.0,0.0
2097,2018,1,renault,0.0,0.0,0.0
2098,2018,1,force_india,0.0,0.0,0.0
2099,2018,1,sauber,0.0,0.0,0.0
2100,2018,1,williams,0.0,0.0,0.0
2101,2018,1,toro_rosso,0.0,0.0,0.0
2102,2018,1,haas,0.0,0.0,0.0
2103,2018,2,ferrari,40.0,1.0,1.0
2104,2018,2,mercedes,22.0,0.0,2.0
2105,2018,2,mclaren,12.0,0.0,4.0
2106,2018,2,red_bull,20.0,0.0,3.0
2107,2018,2,renault,7.0,0.0,5.0
2108,2018,2,toro_rosso,0.0,0.0,9.0
2109,2018,2,haas,0.0,0.0,10.0
2110,2018,2,sauber,0.0,0.0,7.0
2111,2018,2,force_india,0.0,0.0,6.0
2112,2018,2,williams,0.0,0.0,8.0
2113,2018,3,mercedes,55.0,0.0,2.0
2114,2018,3,ferrari,65.0,2.0,1.0
2115,2018,3,red_bull,20.0,0.0,4.0
2116,2018,3,mclaren,22.0,0.0,3.0
2117,2018,3,renault,15.0,0.0,5.0
2118,2018,3,toro_rosso,12.0,0.0,6.0
2119,2018,3,haas,10.0,0.0,7.0
2120,2018,3,sauber,2.0,0.0,8.0
2121,2018,3,force_india,1.0,0.0,9.0
2122,2018,3,williams,0.0,0.0,10.0
2123,2018,4,ferrari,84.0,2.0,2.0
2124,2018,4,mercedes,85.0,0.0,1.0
2125,2018,4,red_bull,55.0,1.0,3.0
2126,2018,4,mclaren,28.0,0.0,4.0
2127,2018,4,renault,25.0,0.0,5.0
2128,2018,4,force_india,1.0,0.0,9.0
2129,2018,4,toro_rosso,12.0,0.0,6.0
2130,2018,4,haas,11.0,0.0,7.0
2131,2018,4,sauber,2.0,0.0,8.0
2132,2018,4,williams,0.0,0.0,10.0
2133,2018,5,mercedes,110.0,1.0,2.0
2134,2018,5,ferrari,114.0,2.0,1.0
2135,2018,5,red_bull,55.0,1.0,3.0
2136,2018,5,renault,35.0,0.0,5.0
2137,2018,5,mclaren,36.0,0.0,4.0
2138,2018,5,haas,11.0,0.0,8.0
2139,2018,5,force_india,16.0,0.0,6.0
2140,2018,5,toro_rosso,13.0,0.0,7.0
2141,2018,5,sauber,10.0,0.0,9.0
2142,2018,5,williams,4.0,0.0,10.0
2143,2018,6,mercedes,153.0,2.0,1.0
2144,2018,6,ferrari,126.0,2.0,2.0
2145,2018,6,red_bull,80.0,1.0,3.0
2146,2018,6,renault,41.0,0.0,4.0
2147,2018,6,mclaren,40.0,0.0,5.0
2148,2018,6,force_india,18.0,0.0,7.0
2149,2018,6,toro_rosso,13.0,0.0,8.0
2150,2018,6,haas,19.0,0.0,6.0
2151,2018,6,sauber,11.0,0.0,9.0
2152,2018,6,williams,4.0,0.0,10.0
2153,2018,7,mercedes,178.0,2.0,1.0
2154,2018,7,ferrari,156.0,2.0,2.0
2155,2018,7,red_bull,107.0,2.0,3.0
2156,2018,7,renault,46.0,0.0,4.0
2157,2018,7,mclaren,40.0,0.0,5.0
2158,2018,7,force_india,26.0,0.0,6.0
2159,2018,7,toro_rosso,19.0,0.0,7.0
2160,2018,7,haas,19.0,0.0,8.0
2161,2018,7,sauber,11.0,0.0,9.0
2162,2018,7,williams,4.0,0.0,10.0
2163,2018,8,mercedes,206.0,2.0,1.0
2164,2018,8,ferrari,189.0,3.0,2.0
2165,2018,8,red_bull,134.0,2.0,3.0
2166,2018,8,renault,56.0,0.0,4.0
2167,2018,8,mclaren,40.0,0.0,5.0
2168,2018,8,force_india,28.0,0.0,6.0
2169,2018,8,haas,19.0,0.0,8.0
2170,2018,8,toro_rosso,19.0,0.0,7.0
2171,2018,8,sauber,12.0,0.0,9.0
2172,2018,8,williams,4.0,0.0,10.0
2173,2018,9,ferrari,214.0,3.0,2.0
2174,2018,9,mercedes,237.0,3.0,1.0
2175,2018,9,red_bull,164.0,2.0,3.0
2176,2018,9,renault,62.0,0.0,4.0
2177,2018,9,haas,27.0,0.0,7.0
2178,2018,9,mclaren,40.0,0.0,5.0
2179,2018,9,force_india,28.0,0.0,6.0
2180,2018,9,toro_rosso,19.0,0.0,8.0
2181,2018,9,sauber,13.0,0.0,9.0
2182,2018,9,williams,4.0,0.0,10.0
2183,2018,10,ferrari,247.0,3.0,1.0
2184,2018,10,mercedes,237.0,3.0,2.0
2185,2018,10,red_bull,189.0,3.0,3.0
2186,2018,10,renault,62.0,0.0,4.0
2187,2018,10,haas,49.0,0.0,5.0
2188,2018,10,force_india,42.0,0.0,7.0
2189,2018,10,mclaren,44.0,0.0,6.0
2190,2018,10,toro_rosso,19.0,0.0,8.0
2191,2018,10,sauber,16.0,0.0,9.0
2192,2018,10,williams,4.0,0.0,10.0
2193,2018,11,mercedes,267.0,3.0,2.0
2194,2018,11,ferrari,287.0,4.0,1.0
2195,2018,11,red_bull,199.0,3.0,3.0
2196,2018,11,renault,70.0,0.0,4.0
2197,2018,11,force_india,49.0,0.0,6.0
2198,2018,11,haas,51.0,0.0,5.0
2199,2018,11,mclaren,48.0,0.0,7.0
2200,2018,11,toro_rosso,19.0,0.0,8.0
2201,2018,11,sauber,16.0,0.0,9.0
2202,2018,11,williams,4.0,0.0,10.0
2203,2018,12,mercedes,310.0,4.0,1.0
2204,2018,12,ferrari,302.0,4.0,2.0
2205,2018,12,red_bull,211.0,3.0,3.0
2206,2018,12,renault,80.0,0.0,4.0
2207,2018,12,haas,59.0,0.0,6.0
2208,2018,12,force_india,59.0,0.0,5.0
2209,2018,12,mclaren,48.0,0.0,7.0
2210,2018,12,toro_rosso,20.0,0.0,8.0
2211,2018,12,sauber,18.0,0.0,9.0
2212,2018,12,williams,4.0,0.0,10.0
2213,2018,13,mercedes,345.0,5.0,1.0
2214,2018,13,ferrari,335.0,4.0,2.0
2215,2018,13,red_bull,223.0,3.0,3.0
2216,2018,13,renault,82.0,0.0,4.0
2217,2018,13,haas,66.0,0.0,5.0
2218,2018,13,mclaren,52.0,0.0,7.0
2219,2018,13,toro_rosso,28.0,0.0,8.0
2220,2018,13,sauber,18.0,0.0,9.0
2221,2018,13,force_india,59.0,0.0,6.0
2222,2018,13,williams,4.0,0.0,10.0
2223,2018,14,mercedes,375.0,5.0,1.0
2224,2018,14,ferrari,360.0,5.0,2.0
2225,2018,14,red_bull,238.0,3.0,3.0
2226,2018,14,renault,82.0,0.0,4.0
2227,2018,14,haas,76.0,0.0,5.0
2228,2018,14,mclaren,52.0,0.0,6.0
2229,2018,14,force_india,18.0,0.0,9.0
2230,2018,14,toro_rosso,30.0,0.0,7.0
2231,2018,14,sauber,19.0,0.0,8.0
2232,2018,14,williams,4.0,0.0,10.0
2233,2018,15,mercedes,415.0,6.0,1.0
2234,2018,15,ferrari,390.0,5.0,2.0
2235,2018,15,red_bull,248.0,3.0,3.0
2236,2018,15,renault,86.0,0.0,4.0
2237,2018,15,haas,76.0,0.0,5.0
2238,2018,15,mclaren,52.0,0.0,6.0
2239,2018,15,force_india,32.0,0.0,7.0
2240,2018,15,toro_rosso,30.0,0.0,8.0
2241,2018,15,sauber,19.0,0.0,9.0
2242,2018,15,williams,7.0,0.0,10.0
2243,2018,16,mercedes,452.0,7.0,1.0
2244,2018,16,ferrari,415.0,5.0,2.0
2245,2018,16,red_bull,274.0,3.0,3.0
2246,2018,16,renault,91.0,0.0,4.0
2247,2018,16,haas,76.0,0.0,5.0
2248,2018,16,mclaren,58.0,0.0,6.0
2249,2018,16,force_india,32.0,0.0,7.0
2250,2018,16,toro_rosso,30.0,0.0,8.0
2251,2018,16,sauber,21.0,0.0,9.0
2252,2018,16,williams,7.0,0.0,10.0
2253,2018,17,mercedes,495.0,8.0,1.0
2254,2018,17,ferrari,442.0,5.0,2.0
2255,2018,17,red_bull,292.0,3.0,3.0
2256,2018,17,renault,91.0,0.0,4.0
2257,2018,17,haas,80.0,0.0,5.0
2258,2018,17,mclaren,58.0,0.0,6.0
2259,2018,17,force_india,35.0,0.0,7.0
2260,2018,17,toro_rosso,30.0,0.0,8.0
2261,2018,17,sauber,27.0,0.0,9.0
2262,2018,17,williams,7.0,0.0,10.0
2263,2018,18,mercedes,538.0,9.0,1.0
2264,2018,18,ferrari,460.0,5.0,2.0
2265,2018,18,red_bull,319.0,3.0,3.0
2266,2018,18,renault,92.0,0.0,4.0
2267,2018,18,haas,84.0,0.0,5.0
2268,2018,18,mclaren,58.0,0.0,6.0
2269,2018,18,force_india,43.0,0.0,7.0
2270,2018,18,toro_rosso,30.0,0.0,8.0
2271,2018,18,sauber,27.0,0.0,9.0
2272,2018,18,williams,7.0,0.0,10.0
2273,2018,19,mercedes,563.0,9.0,1.0
2274,2018,19,ferrari,497.0,6.0,2.0
2275,2018,19,red_bull,337.0,3.0,3.0
2276,2018,19,renault,106.0,0.0,4.0
2277,2018,19,haas,84.0,0.0,5.0
2278,2018,19,mclaren,58.0,0.0,6.0
2279,2018,19,force_india,47.0,0.0,7.0
2280,2018,19,sauber,28.0,0.0,9.0
2281,2018,19,toro_rosso,32.0,0.0,8.0
2282,2018,19,williams,7.0,0.0,10.0
2283,2018,20,mercedes,585.0,9.0,1.0
2284,2018,20,ferrari,530.0,6.0,2.0
2285,2018,20,red_bull,362.0,4.0,3.0
2286,2018,20,renault,114.0,0.0,4.0
2287,2018,20,haas,84.0,0.0,5.0
2288,2018,20,mclaren,62.0,0.0,6.0
2289,2018,20,force_india,47.0,0.0,7.0
2290,2018,20,sauber,36.0,0.0,8.0
2291,2018,20,toro_rosso,33.0,0.0,9.0
2292,2018,20,williams,7.0,0.0,10.0
2293,2018,21,mercedes,620.0,10.0,1.0
2294,2018,21,ferrari,553.0,6.0,2.0
2295,2018,21,red_bull,392.0,4.0,3.0
2296,2018,21,renault,114.0,0.0,4.0
2297,2018,21,haas,90.0,0.0,5.0
2298,2018,21,mclaren,62.0,0.0,6.0
2299,2018,21,force_india,48.0,0.0,7.0
2300,2018,21,sauber,42.0,0.0,8.0
2301,2018,21,toro_rosso,33.0,0.0,9.0
2302,2018,21,williams,7.0,0.0,10.0
2303,2019,1,mercedes,0.0,0.0,0.0
2304,2019,1,ferrari,0.0,0.0,0.0
2305,2019,1,red_bull,0.0,0.0,0.0
2306,2019,1,haas,0.0,0.0,0.0
2307,2019,1,renault,0.0,0.0,0.0
2308,2019,1,alfa,0.0,0.0,0.0
2309,2019,1,racing_point,0.0,0.0,0.0
2310,2019,1,toro_rosso,0.0,0.0,0.0
2311,2019,1,mclaren,0.0,0.0,0.0
2312,2019,1,williams,0.0,0.0,0.0
2313,2019,2,mercedes,44.0,1.0,1.0
2314,2019,2,ferrari,22.0,0.0,2.0
2315,2019,2,red_bull,15.0,0.0,3.0
2316,2019,2,alfa,4.0,0.0,6.0
2317,2019,2,mclaren,0.0,0.0,9.0
2318,2019,2,haas,8.0,0.0,4.0
2319,2019,2,renault,6.0,0.0,5.0
2320,2019,2,toro_rosso,1.0,0.0,8.0
2321,2019,2,racing_point,2.0,0.0,7.0
2322,2019,2,williams,0.0,0.0,10.0
2323,2019,3,mercedes,87.0,2.0,1.0
2324,2019,3,ferrari,48.0,0.0,2.0
2325,2019,3,red_bull,31.0,0.0,3.0
2326,2019,3,renault,6.0,0.0,7.0
2327,2019,3,alfa,10.0,0.0,4.0
2328,2019,3,haas,8.0,0.0,6.0
2329,2019,3,mclaren,8.0,0.0,5.0
2330,2019,3,racing_point,3.0,0.0,9.0
2331,2019,3,toro_rosso,3.0,0.0,8.0
2332,2019,3,williams,0.0,0.0,10.0
2333,2019,4,mercedes,130.0,3.0,1.0
2334,2019,4,ferrari,73.0,0.0,2.0
2335,2019,4,red_bull,52.0,0.0,3.0
2336,2019,4,mclaren,8.0,0.0,7.0
2337,2019,4,racing_point,7.0,0.0,8.0
2338,2019,4,alfa,12.0,0.0,5.0
2339,2019,4,renault,12.0,0.0,4.0
2340,2019,4,haas,8.0,0.0,6.0
2341,2019,4,toro_rosso,4.0,0.0,9.0
2342,2019,4,williams,0.0,0.0,10.0
2343,2019,5,mercedes,173.0,4.0,1.0
2344,2019,5,ferrari,99.0,0.0,2.0
2345,2019,5,red_bull,64.0,0.0,3.0
2346,2019,5,mclaren,18.0,0.0,4.0
2347,2019,5,racing_point,17.0,0.0,5.0
2348,2019,5,haas,8.0,0.0,8.0
2349,2019,5,alfa,13.0,0.0,6.0
2350,2019,5,renault,12.0,0.0,7.0
2351,2019,5,toro_rosso,4.0,0.0,9.0
2352,2019,5,williams,0.0,0.0,10.0
2353,2019,6,mercedes,217.0,5.0,1.0
2354,2019,6,ferrari,121.0,0.0,2.0
2355,2019,6,red_bull,87.0,0.0,3.0
2356,2019,6,mclaren,22.0,0.0,4.0
2357,2019,6,racing_point,17.0,0.0,5.0
2358,2019,6,haas,15.0,0.0,6.0
2359,2019,6,toro_rosso,6.0,0.0,9.0
2360,2019,6,renault,12.0,0.0,8.0
2361,2019,6,alfa,13.0,0.0,7.0
2362,2019,6,williams,0.0,0.0,10.0
2363,2019,7,mercedes,257.0,6.0,1.0
2364,2019,7,ferrari,139.0,0.0,2.0
2365,2019,7,red_bull,110.0,0.0,3.0
2366,2019,7,mclaren,30.0,0.0,4.0
2367,2019,7,renault,14.0,0.0,8.0
2368,2019,7,racing_point,17.0,0.0,5.0
2369,2019,7,toro_rosso,16.0,0.0,7.0
2370,2019,7,haas,16.0,0.0,6.0
2371,2019,7,alfa,13.0,0.0,9.0
2372,2019,7,williams,0.0,0.0,10.0
2373,2019,8,mercedes,295.0,7.0,1.0
2374,2019,8,ferrari,172.0,0.0,2.0
2375,2019,8,red_bull,124.0,0.0,3.0
2376,2019,8,mclaren,30.0,0.0,4.0
2377,2019,8,renault,28.0,0.0,5.0
2378,2019,8,racing_point,19.0,0.0,6.0
2379,2019,8,alfa,13.0,0.0,9.0
2380,2019,8,toro_rosso,17.0,0.0,7.0
2381,2019,8,haas,16.0,0.0,8.0
2382,2019,8,williams,0.0,0.0,10.0
2383,2019,9,mercedes,338.0,8.0,1.0
2384,2019,9,ferrari,198.0,0.0,2.0
2385,2019,9,red_bull,137.0,0.0,3.0
2386,2019,9,mclaren,40.0,0.0,4.0
2387,2019,9,renault,32.0,0.0,5.0
2388,2019,9,alfa,19.0,0.0,7.0
2389,2019,9,racing_point,19.0,0.0,6.0
2390,2019,9,toro_rosso,17.0,0.0,8.0
2391,2019,9,haas,16.0,0.0,9.0
2392,2019,9,williams,0.0,0.0,10.0
2393,2019,10,mercedes,363.0,8.0,1.0
2394,2019,10,ferrari,228.0,0.0,2.0
2395,2019,10,red_bull,169.0,1.0,3.0
2396,2019,10,mclaren,52.0,0.0,4.0
2397,2019,10,renault,32.0,0.0,5.0
2398,2019,10,alfa,22.0,0.0,6.0
2399,2019,10,racing_point,19.0,0.0,7.0
2400,2019,10,toro_rosso,17.0,0.0,8.0
2401,2019,10,haas,16.0,0.0,9.0
2402,2019,10,williams,0.0,0.0,10.0
2403,2019,11,mercedes,407.0,9.0,1.0
2404,2019,11,ferrari,243.0,0.0,2.0
2405,2019,11,red_bull,191.0,1.0,3.0
2406,2019,11,mclaren,60.0,0.0,4.0
2407,2019,11,toro_rosso,19.0,0.0,8.0
2408,2019,11,renault,39.0,0.0,5.0
2409,2019,11,racing_point,19.0,0.0,7.0
2410,2019,11,haas,16.0,0.0,9.0
2411,2019,11,alfa,26.0,0.0,6.0
2412,2019,11,williams,0.0,0.0,10.0
2413,2019,12,mercedes,409.0,9.0,1.0
2414,2019,12,ferrari,261.0,0.0,2.0
2415,2019,12,red_bull,217.0,2.0,3.0
2416,2019,12,mclaren,70.0,0.0,4.0
2417,2019,12,toro_rosso,42.0,0.0,5.0
2418,2019,12,renault,39.0,0.0,6.0
2419,2019,12,alfa,26.0,0.0,9.0
2420,2019,12,racing_point,31.0,0.0,7.0
2421,2019,12,haas,26.0,0.0,8.0
2422,2019,12,williams,1.0,0.0,10.0
2423,2019,13,mercedes,438.0,10.0,1.0
2424,2019,13,ferrari,288.0,0.0,2.0
2425,2019,13,red_bull,244.0,2.0,3.0
2426,2019,13,mclaren,82.0,0.0,4.0
2427,2019,13,toro_rosso,43.0,0.0,5.0
2428,2019,13,renault,39.0,0.0,6.0
2429,2019,13,racing_point,31.0,0.0,8.0
2430,2019,13,alfa,32.0,0.0,7.0
2431,2019,13,haas,26.0,0.0,9.0
2432,2019,13,williams,1.0,0.0,10.0
2433,2019,14,mercedes,471.0,10.0,1.0
2434,2019,14,ferrari,326.0,1.0,2.0
2435,2019,14,red_bull,254.0,2.0,3.0
2436,2019,14,mclaren,82.0,0.0,4.0
2437,2019,14,renault,43.0,0.0,6.0
2438,2019,14,toro_rosso,51.0,0.0,5.0
2439,2019,14,racing_point,40.0,0.0,7.0
2440,2019,14,alfa,32.0,0.0,8.0
2441,2019,14,haas,26.0,0.0,9.0
2442,2019,14,williams,1.0,0.0,10.0
2443,2019,15,mercedes,505.0,10.0,1.0
2444,2019,15,ferrari,351.0,2.0,2.0
2445,2019,15,red_bull,266.0,2.0,3.0
2446,2019,15,mclaren,83.0,0.0,4.0
2447,2019,15,renault,65.0,0.0,5.0
2448,2019,15,toro_rosso,51.0,0.0,6.0
2449,2019,15,racing_point,46.0,0.0,7.0
2450,2019,15,alfa,34.0,0.0,8.0
2451,2019,15,haas,26.0,0.0,9.0
2452,2019,15,williams,1.0,0.0,10.0
2453,2019,16,mercedes,527.0,10.0,1.0
2454,2019,16,ferrari,394.0,3.0,2.0
2455,2019,16,red_bull,289.0,2.0,3.0
2456,2019,16,mclaren,89.0,0.0,4.0
2457,2019,16,renault,67.0,0.0,5.0
2458,2019,16,toro_rosso,55.0,0.0,6.0
2459,2019,16,racing_point,46.0,0.0,7.0
2460,2019,16,alfa,35.0,0.0,8.0
2461,2019,16,haas,26.0,0.0,9.0
2462,2019,16,williams,1.0,0.0,10.0
2463,2019,17,mercedes,571.0,11.0,1.0
2464,2019,17,ferrari,409.0,3.0,2.0
2465,2019,17,red_bull,311.0,2.0,3.0
2466,2019,17,mclaren,101.0,0.0,4.0
2467,2019,17,renault,68.0,0.0,5.0
2468,2019,17,toro_rosso,55.0,0.0,6.0
2469,2019,17,racing_point,52.0,0.0,7.0
2470,2019,17,alfa,35.0,0.0,8.0
2471,2019,17,haas,28.0,0.0,9.0
2472,2019,17,williams,1.0,0.0,10.0
2473,2019,18,mercedes,612.0,12.0,1.0
2474,2019,18,ferrari,435.0,3.0,2.0
2475,2019,18,red_bull,323.0,2.0,3.0
2476,2019,18,mclaren,111.0,0.0,4.0
2477,2019,18,renault,68.0,0.0,5.0
2478,2019,18,toro_rosso,62.0,0.0,6.0
2479,2019,18,racing_point,58.0,0.0,7.0
2480,2019,18,alfa,35.0,0.0,8.0
2481,2019,18,haas,28.0,0.0,9.0
2482,2019,18,williams,1.0,0.0,10.0
2483,2019,19,mercedes,652.0,13.0,1.0
2484,2019,19,ferrari,466.0,3.0,2.0
2485,2019,19,red_bull,341.0,2.0,3.0
2486,2019,19,mclaren,111.0,0.0,4.0
2487,2019,19,renault,73.0,0.0,5.0
2488,2019,19,racing_point,64.0,0.0,7.0
2489,2019,19,toro_rosso,64.0,0.0,6.0
2490,2019,19,alfa,35.0,0.0,8.0
2491,2019,19,haas,28.0,0.0,9.0
2492,2019,19,williams,1.0,0.0,10.0
2493,2019,20,mercedes,695.0,14.0,1.0
2494,2019,20,ferrari,479.0,3.0,2.0
2495,2019,20,red_bull,366.0,2.0,3.0
2496,2019,20,mclaren,121.0,0.0,4.0
2497,2019,20,renault,83.0,0.0,5.0
2498,2019,20,toro_rosso,64.0,0.0,7.0
2499,2019,20,racing_point,65.0,0.0,6.0
2500,2019,20,alfa,35.0,0.0,8.0
2501,2019,20,haas,28.0,0.0,9.0
2502,2019,20,williams,1.0,0.0,10.0
2503,2019,21,mercedes,701.0,14.0,1.0
2504,2019,21,ferrari,479.0,3.0,2.0
2505,2019,21,red_bull,391.0,3.0,3.0
2506,2019,21,mclaren,140.0,0.0,4.0
2507,2019,21,renault,91.0,0.0,5.0
2508,2019,21,toro_rosso,83.0,0.0,6.0
2509,2019,21,racing_point,67.0,0.0,7.0
2510,2019,21,alfa,57.0,0.0,8.0
2511,2019,21,haas,28.0,0.0,9.0
2512,2019,21,williams,1.0,0.0,10.0
2513,2020,1,mercedes,0.0,0.0,0.0
2514,2020,1,mclaren,0.0,0.0,0.0
2515,2020,1,ferrari,0.0,0.0,0.0
2516,2020,1,racing_point,0.0,0.0,0.0
2517,2020,1,alphatauri,0.0,0.0,0.0
2518,2020,1,renault,0.0,0.0,0.0
2519,2020,1,alfa,0.0,0.0,0.0
2520,2020,1,williams,0.0,0.0,0.0
2521,2020,1,red_bull,0.0,0.0,0.0
2522,2020,1,haas,0.0,0.0,0.0
2523,2020,2,mercedes,37.0,1.0,1.0
2524,2020,2,mclaren,26.0,0.0,2.0
2525,2020,2,red_bull,0.0,0.0,9.0
2526,2020,2,racing_point,8.0,0.0,4.0
2527,2020,2,ferrari,19.0,0.0,3.0
2528,2020,2,renault,4.0,0.0,6.0
2529,2020,2,alphatauri,6.0,0.0,5.0
2530,2020,2,alfa,2.0,0.0,7.0
2531,2020,2,williams,0.0,0.0,8.0
2532,2020,2,haas,0.0,0.0,10.0
2533,2020,3,mercedes,80.0,2.0,1.0
2534,2020,3,red_bull,27.0,0.0,3.0
2535,2020,3,mclaren,39.0,0.0,2.0
2536,2020,3,racing_point,22.0,0.0,4.0
2537,2020,3,ferrari,19.0,0.0,5.0
2538,2020,3,renault,8.0,0.0,6.0
2539,2020,3,alphatauri,7.0,0.0,7.0
2540,2020,3,alfa,2.0,0.0,8.0
2541,2020,3,haas,0.0,0.0,10.0
2542,2020,3,williams,0.0,0.0,9.0
2543,2020,4,mercedes,121.0,3.0,1.0
2544,2020,4,red_bull,55.0,0.0,2.0
2545,2020,4,mclaren,41.0,0.0,3.0
2546,2020,4,ferrari,27.0,0.0,5.0
2547,2020,4,racing_point,40.0,0.0,4.0
2548,2020,4,renault,12.0,0.0,6.0
2549,2020,4,alphatauri,7.0,0.0,7.0
2550,2020,4,alfa,2.0,0.0,8.0
2551,2020,4,haas,1.0,0.0,9.0
2552,2020,4,williams,0.0,0.0,10.0
2553,2020,5,mercedes,146.0,4.0,1.0
2554,2020,5,red_bull,78.0,0.0,2.0
2555,2020,5,ferrari,43.0,0.0,4.0
2556,2020,5,mclaren,51.0,0.0,3.0
2557,2020,5,racing_point,42.0,0.0,5.0
2558,2020,5,renault,32.0,0.0,6.0
2559,2020,5,alphatauri,13.0,0.0,7.0
2560,2020,5,alfa,2.0,0.0,8.0
2561,2020,5,haas,1.0,0.0,9.0
2562,2020,5,williams,0.0,0.0,10.0
2563,2020,6,mercedes,180.0,4.0,1.0
2564,2020,6,red_bull,113.0,1.0,2.0
2565,2020,6,racing_point,41.0,0.0,5.0
2566,2020,6,mclaren,53.0,0.0,4.0
2567,2020,6,ferrari,55.0,0.0,3.0
2568,2020,6,renault,36.0,0.0,6.0
2569,2020,6,alphatauri,14.0,0.0,7.0
2570,2020,6,alfa,2.0,0.0,8.0
2571,2020,6,haas,1.0,0.0,9.0
2572,2020,6,williams,0.0,0.0,10.0
2573,2020,7,mercedes,221.0,5.0,1.0
2574,2020,7,red_bull,135.0,1.0,2.0
2575,2020,7,mclaren,62.0,0.0,4.0
2576,2020,7,racing_point,63.0,0.0,3.0
2577,2020,7,ferrari,61.0,0.0,5.0
2578,2020,7,renault,36.0,0.0,6.0
2579,2020,7,alphatauri,16.0,0.0,7.0
2580,2020,7,alfa,2.0,0.0,8.0
2581,2020,7,haas,1.0,0.0,9.0
2582,2020,7,williams,0.0,0.0,10.0
2583,2020,8,mercedes,264.0,6.0,1.0
2584,2020,8,red_bull,158.0,1.0,2.0
2585,2020,8,mclaren,68.0,0.0,3.0
2586,2020,8,racing_point,66.0,0.0,4.0
2587,2020,8,renault,59.0,0.0,6.0
2588,2020,8,ferrari,61.0,0.0,5.0
2589,2020,8,alphatauri,20.0,0.0,7.0
2590,2020,8,alfa,2.0,0.0,8.0
2591,2020,8,haas,1.0,0.0,9.0
2592,2020,8,williams,0.0,0.0,10.0
2593,2020,9,mercedes,281.0,6.0,1.0
2594,2020,9,red_bull,158.0,1.0,2.0
2595,2020,9,mclaren,98.0,0.0,3.0
2596,2020,9,racing_point,82.0,0.0,4.0
2597,2020,9,renault,71.0,0.0,5.0
2598,2020,9,ferrari,61.0,0.0,6.0
2599,2020,9,alphatauri,47.0,1.0,7.0
2600,2020,9,alfa,2.0,0.0,8.0
2601,2020,9,haas,1.0,0.0,9.0
2602,2020,9,williams,0.0,0.0,10.0
2603,2020,10,mercedes,325.0,7.0,1.0
2604,2020,10,red_bull,173.0,1.0,2.0
2605,2020,10,mclaren,106.0,0.0,3.0
2606,2020,10,racing_point,92.0,0.0,4.0
2607,2020,10,renault,83.0,0.0,5.0
2608,2020,10,ferrari,66.0,0.0,6.0
2609,2020,10,alphatauri,53.0,1.0,7.0
2610,2020,10,alfa,4.0,0.0,8.0
2611,2020,10,haas,1.0,0.0,9.0
2612,2020,10,williams,0.0,0.0,10.0
2613,2020,11,mercedes,366.0,8.0,1.0
2614,2020,11,red_bull,192.0,1.0,2.0
2615,2020,11,racing_point,104.0,0.0,4.0
2616,2020,11,mclaren,106.0,0.0,3.0
2617,2020,11,renault,99.0,0.0,5.0
2618,2020,11,ferrari,74.0,0.0,6.0
2619,2020,11,alphatauri,59.0,1.0,7.0
2620,2020,11,alfa,4.0,0.0,8.0
2621,2020,11,haas,1.0,0.0,9.0
2622,2020,11,williams,0.0,0.0,10.0
2623,2020,12,mercedes,391.0,9.0,1.0
2624,2020,12,red_bull,211.0,1.0,2.0
2625,2020,12,racing_point,120.0,0.0,3.0
2626,2020,12,mclaren,116.0,0.0,4.0
2627,2020,12,renault,114.0,0.0,5.0
2628,2020,12,ferrari,80.0,0.0,6.0
2629,2020,12,alphatauri,67.0,1.0,7.0
2630,2020,12,alfa,5.0,0.0,8.0
2631,2020,12,haas,3.0,0.0,9.0
2632,2020,12,williams,0.0,0.0,10.0
2633,2020,13,mercedes,435.0,10.0,1.0
2634,2020,13,red_bull,226.0,1.0,2.0
2635,2020,13,renault,120.0,0.0,5.0
2636,2020,13,mclaren,124.0,0.0,4.0
2637,2020,13,racing_point,126.0,0.0,3.0
2638,2020,13,ferrari,93.0,0.0,6.0
2639,2020,13,alphatauri,77.0,1.0,7.0
2640,2020,13,alfa,5.0,0.0,8.0
2641,2020,13,haas,3.0,0.0,9.0
2642,2020,13,williams,0.0,0.0,10.0
2643,2020,14,mercedes,479.0,11.0,1.0
2644,2020,14,red_bull,226.0,1.0,2.0
2645,2020,14,racing_point,134.0,0.0,5.0
2646,2020,14,mclaren,134.0,0.0,4.0
2647,2020,14,renault,135.0,0.0,3.0
2648,2020,14,ferrari,103.0,0.0,6.0
2649,2020,14,alphatauri,89.0,1.0,7.0
2650,2020,14,alfa,8.0,0.0,8.0
2651,2020,14,haas,3.0,0.0,9.0
2652,2020,14,williams,0.0,0.0,10.0
2653,2020,15,mercedes,504.0,12.0,1.0
2654,2020,15,red_bull,240.0,1.0,2.0
2655,2020,15,mclaren,149.0,0.0,4.0
2656,2020,15,racing_point,154.0,0.0,3.0
2657,2020,15,renault,136.0,0.0,5.0
2658,2020,15,ferrari,130.0,0.0,6.0
2659,2020,15,alphatauri,89.0,1.0,7.0
2660,2020,15,alfa,8.0,0.0,8.0
2661,2020,15,haas,3.0,0.0,9.0
2662,2020,15,williams,0.0,0.0,10.0
2663,2020,16,mercedes,533.0,13.0,1.0
2664,2020,16,red_bull,274.0,1.0,2.0
2665,2020,16,racing_point,154.0,0.0,4.0
2666,2020,16,mclaren,171.0,0.0,3.0
2667,2020,16,renault,144.0,0.0,5.0
2668,2020,16,ferrari,131.0,0.0,6.0
2669,2020,16,alphatauri,97.0,1.0,7.0
2670,2020,16,alfa,8.0,0.0,8.0
2671,2020,16,haas,3.0,0.0,9.0
2672,2020,16,williams,0.0,0.0,10.0
2673,2020,17,mercedes,540.0,13.0,1.0
2674,2020,17,red_bull,282.0,1.0,2.0
2675,2020,17,mclaren,184.0,0.0,4.0
2676,2020,17,racing_point,194.0,1.0,3.0
2677,2020,17,renault,172.0,0.0,5.0
2678,2020,17,ferrari,131.0,0.0,6.0
2679,2020,17,alphatauri,103.0,1.0,7.0
2680,2020,17,alfa,8.0,0.0,8.0
2681,2020,17,haas,3.0,0.0,9.0
2682,2020,17,williams,0.0,0.0,10.0
2683,2021,1,mercedes,0.0,0.0,0.0
2684,2021,1,red_bull,0.0,0.0,0.0
2685,2021,1,mclaren,0.0,0.0,0.0
2686,2021,1,ferrari,0.0,0.0,0.0
2687,2021,1,alphatauri,0.0,0.0,0.0
2688,2021,1,aston_martin,0.0,0.0,0.0
2689,2021,1,alfa,0.0,0.0,0.0
2690,2021,1,alpine,0.0,0.0,0.0
2691,2021,1,williams,0.0,0.0,0.0
2692,2021,1,haas,0.0,0.0,0.0
2693,2021,2,mercedes,41.0,1.0,1.0
2694,2021,2,red_bull,28.0,0.0,2.0
2695,2021,2,mclaren,18.0,0.0,3.0
2696,2021,2,ferrari,12.0,0.0,4.0
2697,2021,2,alphatauri,2.0,0.0,5.0
2698,2021,2,aston_martin,1.0,0.0,6.0
2699,2021,2,alpine,0.0,0.0,8.0
2700,2021,2,alfa,0.0,0.0,7.0
2701,2021,2,williams,0.0,0.0,9.0
2702,2021,2,haas,0.0,0.0,10.0
2703,2021,3,mercedes,60.0,1.0,1.0
2704,2021,3,red_bull,53.0,1.0,2.0
2705,2021,3,mclaren,41.0,0.0,3.0
2706,2021,3,ferrari,34.0,0.0,4.0
2707,2021,3,alpine,3.0,0.0,7.0
2708,2021,3,alphatauri,8.0,0.0,5.0
2709,2021,3,aston_martin,5.0,0.0,6.0
2710,2021,3,alfa,0.0,0.0,8.0
2711,2021,3,williams,0.0,0.0,9.0
2712,2021,3,haas,0.0,0.0,10.0
2713,2021,4,mercedes,101.0,2.0,1.0
2714,2021,4,red_bull,83.0,1.0,2.0
2715,2021,4,mclaren,53.0,0.0,3.0
2716,2021,4,ferrari,42.0,0.0,4.0
2717,2021,4,alpine,13.0,0.0,5.0
2718,2021,4,alphatauri,9.0,0.0,6.0
2719,2021,4,aston_martin,5.0,0.0,7.0
2720,2021,4,alfa,0.0,0.0,8.0
2721,2021,4,williams,0.0,0.0,9.0
2722,2021,4,haas,0.0,0.0,10.0
2723,2021,5,red_bull,112.0,1.0,2.0
2724,2021,5,mercedes,141.0,3.0,1.0
2725,2021,5,mclaren,65.0,0.0,3.0
2726,2021,5,ferrari,60.0,0.0,4.0
2727,2021,5,aston_martin,5.0,0.0,7.0
2728,2021,5,alphatauri,10.0,0.0,6.0
2729,2021,5,alpine,15.0,0.0,5.0
2730,2021,5,alfa,0.0,0.0,8.0
2731,2021,5,williams,0.0,0.0,9.0
2732,2021,5,haas,0.0,0.0,10.0
2733,2021,6,red_bull,149.0,2.0,1.0
2734,2021,6,mercedes,148.0,3.0,2.0
2735,2021,6,ferrari,78.0,0.0,4.0
2736,2021,6,mclaren,80.0,0.0,3.0
2737,2021,6,alphatauri,18.0,0.0,6.0
2738,2021,6,aston_martin,19.0,0.0,5.0
2739,2021,6,alpine,17.0,0.0,7.0
2740,2021,6,alfa,1.0,0.0,8.0
2741,2021,6,haas,0.0,0.0,10.0
2742,2021,6,williams,0.0,0.0,9.0
2743,2021,7,red_bull,174.0,3.0,1.0
2744,2021,7,mercedes,148.0,3.0,2.0
2745,2021,7,mclaren,92.0,0.0,4.0
2746,2021,7,ferrari,94.0,0.0,3.0
2747,2021,7,alphatauri,39.0,0.0,5.0
2748,2021,7,aston_martin,37.0,0.0,6.0
2749,2021,7,alpine,25.0,0.0,7.0
2750,2021,7,alfa,2.0,0.0,8.0
2751,2021,7,williams,0.0,0.0,10.0
2752,2021,7,haas,0.0,0.0,9.0
2753,2021,8,red_bull,215.0,4.0,1.0
2754,2021,8,mercedes,178.0,3.0,2.0
2755,2021,8,mclaren,110.0,0.0,3.0
2756,2021,8,ferrari,94.0,0.0,4.0
2757,2021,8,alphatauri,45.0,0.0,5.0
2758,2021,8,aston_martin,40.0,0.0,6.0
2759,2021,8,alpine,29.0,0.0,7.0
2760,2021,8,alfa,2.0,0.0,8.0
2761,2021,8,williams,0.0,0.0,9.0
2762,2021,8,haas,0.0,0.0,10.0
2763,2021,9,red_bull,252.0,5.0,1.0
2764,2021,9,mercedes,212.0,3.0,2.0
2765,2021,9,mclaren,120.0,0.0,3.0
2766,2021,9,ferrari,108.0,0.0,4.0
2767,2021,9,alphatauri,46.0,0.0,5.0
2768,2021,9,aston_martin,44.0,0.0,6.0
2769,2021,9,alpine,31.0,0.0,7.0
2770,2021,9,alfa,2.0,0.0,8.0
2771,2021,9,williams,0.0,0.0,9.0
2772,2021,9,haas,0.0,0.0,10.0
2773,2021,10,red_bull,286.0,6.0,1.0
2774,2021,10,mercedes,242.0,3.0,2.0
2775,2021,10,mclaren,141.0,0.0,3.0
2776,2021,10,ferrari,122.0,0.0,4.0
2777,2021,10,alphatauri,48.0,0.0,5.0
2778,2021,10,aston_martin,44.0,0.0,6.0
2779,2021,10,alpine,32.0,0.0,7.0
2780,2021,10,alfa,2.0,0.0,8.0
2781,2021,10,williams,0.0,0.0,9.0
2782,2021,10,haas,0.0,0.0,10.0
2783,2021,11,mercedes,285.0,4.0,2.0
2784,2021,11,red_bull,289.0,6.0,1.0
2785,2021,11,ferrari,148.0,0.0,4.0
2786,2021,11,mclaren,163.0,0.0,3.0
2787,2021,11,alpine,40.0,0.0,7.0
2788,2021,11,alphatauri,49.0,0.0,5.0
2789,2021,11,aston_martin,48.0,0.0,6.0
2790,2021,11,williams,0.0,0.0,9.0
2791,2021,11,alfa,2.0,0.0,8.0
2792,2021,11,haas,0.0,0.0,10.0
2793,2021,12,mercedes,303.0,4.0,1.0
2794,2021,12,red_bull,291.0,6.0,2.0
2795,2021,12,mclaren,163.0,0.0,4.0
2796,2021,12,ferrari,163.0,0.0,3.0
2797,2021,12,alpine,77.0,1.0,5.0
2798,2021,12,alphatauri,68.0,0.0,6.0
2799,2021,12,aston_martin,48.0,0.0,7.0
2800,2021,12,williams,10.0,0.0,8.0
2801,2021,12,alfa,3.0,0.0,9.0
2802,2021,12,haas,0.0,0.0,10.0
2803,2021,13,mercedes,0.0,4.0,1.0
2804,2021,13,red_bull,0.0,7.0,2.0
2805,2021,13,ferrari,0.0,0.0,4.0
2806,2021,13,mclaren,169.0,0.0,3.0
2807,2021,13,alpine,80.0,1.0,5.0
2808,2021,13,alphatauri,72.0,0.0,6.0
2809,2021,13,aston_martin,53.0,0.0,7.0
2810,2021,13,williams,20.0,0.0,8.0
2811,2021,13,alfa,3.0,0.0,9.0
2812,2021,13,haas,0.0,0.0,10.0
2813,2021,14,mercedes,0.0,4.0,1.0
2814,2021,14,red_bull,0.0,8.0,2.0
2815,2021,14,mclaren,170.0,0.0,4.0
2816,2021,14,ferrari,0.0,0.0,3.0
2817,2021,14,alpine,90.0,1.0,5.0
2818,2021,14,alphatauri,84.0,0.0,6.0
2819,2021,14,aston_martin,53.0,0.0,7.0
2820,2021,14,williams,20.0,0.0,8.0
2821,2021,14,alfa,3.0,0.0,9.0
2822,2021,14,haas,0.0,0.0,10.0
2823,2021,15,mercedes,0.0,4.0,1.0
2824,2021,15,red_bull,0.0,8.0,2.0
2825,2021,15,mclaren,215.0,1.0,3.0
2826,2021,15,ferrari,0.0,0.0,4.0
2827,2021,15,alpine,95.0,1.0,5.0
2828,2021,15,alphatauri,84.0,0.0,6.0
2829,2021,15,aston_martin,59.0,0.0,7.0
2830,2021,15,williams,22.0,0.0,8.0
2831,2021,15,alfa,3.0,0.0,9.0
2832,2021,15,haas,0.0,0.0,10.0
2833,2021,16,mercedes,0.0,5.0,1.0
2834,2021,16,red_bull,0.0,8.0,2.0
2835,2021,16,mclaren,234.0,1.0,3.0
2836,2021,16,ferrari,0.0,0.0,4.0
2837,2021,16,alpine,103.0,1.0,5.0
2838,2021,16,alphatauri,84.0,0.0,6.0
2839,2021,16,aston_martin,59.0,0.0,7.0
2840,2021,16,williams,23.0,0.0,8.0
2841,2021,16,alfa,7.0,0.0,9.0
2842,2021,16,haas,0.0,0.0,10.0
2843,2021,17,mercedes,0.0,6.0,1.0
2844,2021,17,red_bull,0.0,8.0,2.0
2845,2021,17,mclaren,240.0,1.0,3.0
2846,2021,17,ferrari,0.0,0.0,4.0
2847,2021,17,alpine,104.0,1.0,5.0
2848,2021,17,alphatauri,92.0,0.0,6.0
2849,2021,17,aston_martin,61.0,0.0,7.0
2850,2021,17,williams,23.0,0.0,8.0
2851,2021,17,alfa,7.0,0.0,9.0
2852,2021,17,haas,0.0,0.0,10.0
2853,2021,18,mercedes,0.0,6.0,1.0
2854,2021,18,red_bull,0.0,9.0,2.0
2855,2021,18,ferrari,0.0,0.0,4.0
2856,2021,18,mclaren,254.0,1.0,3.0
2857,2021,18,alpine,104.0,1.0,5.0
2858,2021,18,alphatauri,94.0,0.0,6.0
2859,2021,18,aston_martin,62.0,0.0,7.0
2860,2021,18,williams,23.0,0.0,8.0
2861,2021,18,alfa,7.0,0.0,9.0
2862,2021,18,haas,0.0,0.0,10.0
2863,2021,19,mercedes,0.0,6.0,1.0
2864,2021,19,red_bull,0.0,10.0,2.0
2865,2021,19,ferrari,0.0,0.0,3.0
2866,2021,19,mclaren,255.0,1.0,4.0
2867,2021,19,alpine,106.0,1.0,5.0
2868,2021,19,alphatauri,106.0,0.0,6.0
2869,2021,19,aston_martin,68.0,0.0,7.0
2870,2021,19,williams,23.0,0.0,8.0
2871,2021,19,alfa,11.0,0.0,9.0
2872,2021,19,haas,0.0,0.0,10.0
2873,2021,20,mercedes,0.0,7.0,1.0
2874,2021,20,red_bull,0.0,10.0,2.0
2875,2021,20,ferrari,0.0,0.0,3.0
2876,2021,20,mclaren,256.0,1.0,4.0
2877,2021,20,alpine,112.0,1.0,5.0
2878,2021,20,alphatauri,112.0,0.0,6.0
2879,2021,20,aston_martin,68.0,0.0,7.0
2880,2021,20,williams,23.0,0.0,8.0
2881,2021,20,alfa,11.0,0.0,9.0
2882,2021,20,haas,0.0,0.0,10.0
2883,2021,21,mercedes,0.0,8.0,1.0
2884,2021,21,red_bull,0.0,10.0,2.0
2885,2021,21,ferrari,0.0,0.0,3.0
2886,2021,21,mclaren,258.0,1.0,4.0
2887,2021,21,alpine,137.0,1.0,5.0
2888,2021,21,alphatauri,112.0,0.0,6.0
2889,2021,21,aston_martin,77.0,0.0,7.0
2890,2021,21,williams,23.0,0.0,8.0
2891,2021,21,alfa,11.0,0.0,9.0
2892,2021,21,haas,0.0,0.0,10.0
2893,2021,22,mercedes,0.0,9.0,1.0
2894,2021,22,red_bull,0.0,10.0,2.0
2895,2021,22,ferrari,0.0,0.0,3.0
2896,2021,22,mclaren,269.0,1.0,4.0
2897,2021,22,alpine,149.0,1.0,5.0
2898,2021,22,alphatauri,120.0,0.0,6.0
2899,2021,22,aston_martin,77.0,0.0,7.0
2900,2021,22,williams,23.0,0.0,8.0
2901,2021,22,alfa,13.0,0.0,9.0
2902,2021,22,haas,0.0,0.0,10.0
